GID,tif,min,max,mean,count,sum,std,median,percentile_90
1995_1241,1995_1241_rbr_w_offset.tif,-72.95813751220703,473.1187744140625,230.15973781270046,3118,717638.0625,96.17945619597869,237.328369140625,345.997314453125
2021_1619,2021_1619_rbr_w_offset.tif,-24.72388458251953,508.4975280761719,292.08204255935146,1727,504425.6875,126.88673070684617,319.6374816894531,435.62236938476565
2003_735,2003_735_rbr_w_offset.tif,94.087158203125,248.3272247314453,163.4022216796875,3,490.2066650390625,63.92835672751754,147.7922821044922,228.2202362060547
2006_872,2006_872_rbr_w_offset.tif,-20.944942474365234,392.35821533203125,221.44307585685485,992,219671.53125,100.70358284376691,257.01861572265625,321.76271667480466
2007_362,2007_362_rbr_w_offset.tif,-330.63763427734375,177.0040740966797,-68.02577780837004,1362,-92651.109375,98.78061040536173,-61.82594299316406,52.01074981689454
2006_676,2006_676_rbr_w_offset.tif,-418.9627380371094,627.4852294921875,264.37322043932596,179047,47335232.0,130.60277441315316,270.9206237792969,428.7058471679687
2006_690,2006_690_rbr_w_offset.tif,-341.4520263671875,578.7064208984375,275.24044836008375,22928,6310713.0,142.9526105611836,288.96990966796875,451.2755432128906
2007_867,2007_867_rbr_w_offset.tif,-123.85257720947266,182.48294067382812,33.62588648426061,683,22966.48046875,53.70130138218584,28.519054412841797,111.09062042236334
1996_625,1996_625_rbr_w_offset.tif,-262.220703125,510.1894226074219,94.7033012748195,35456,3357800.25,153.56427832989033,51.75645446777344,319.94947814941406
1998_845,1998_845_rbr_w_offset.tif,-106.43640899658203,495.6293640136719,219.2088872212693,1749,383396.34375,96.50863016638026,232.24197387695312,328.1361022949219
1996_640,1996_640_rbr_w_offset.tif,-297.5901794433594,601.8443603515625,234.57816457651202,32374,7594233.5,169.10598807337183,232.5032501220703,468.3280853271485
2006_714,2006_714_rbr_w_offset.tif,-86.41997528076172,274.67596435546875,69.16296928327645,586,40529.5,101.04163189661557,36.56983947753906,196.48263549804688
2001_314,2001_314_rbr_w_offset.tif,-99.83616638183594,474.14202880859375,239.26590756865372,1493,357224.0,130.6430547197515,259.5973815917969,398.3244384765625
1988_20,1988_20_rbr_w_offset.tif,-686.1619262695312,465.509765625,120.12848923696185,22856,2745656.75,118.11892768319791,138.38839721679688,256.6162872314453
2005_598,2005_598_rbr_w_offset.tif,-38.06538009643555,508.0621643066406,261.54925256581885,2241,586131.875,122.55649748640336,277.4252624511719,408.48443603515625
2003_750,2003_750_rbr_w_offset.tif,-89.90754699707031,478.97271728515625,240.85832294264338,2406,579505.125,139.98791761594495,275.43328857421875,393.9247283935547
2021_2313,2021_2313_rbr_w_offset.tif,-333.8786926269531,432.0109558105469,121.99951847624483,7009,855094.625,109.88348331155575,117.69562530517578,271.2519470214844
1995_1400,1995_1400_rbr_w_offset.tif,-180.37655639648438,301.451171875,63.06688505006068,412,25983.556640625,93.4265569839132,67.06515502929688,166.69031066894536
2012_1753,2012_1753_rbr_w_offset.tif,16.026647567749023,486.767578125,344.7904698988971,68,23445.751953125,94.3430979743126,362.9212951660156,440.9876525878907
1996_583,1996_583_rbr_w_offset.tif,-228.34117126464844,593.457275390625,274.0902995972917,180776,49548948.0,133.5702018597059,284.1930847167969,444.03834533691406
1996_604,1996_604_rbr_w_offset.tif,-288.4281311035156,585.84912109375,294.91895640114416,103833,30622320.0,152.5820235103671,315.4665832519531,482.9466247558594
2006_750,2006_750_rbr_w_offset.tif,-30.980274200439453,367.9875183105469,168.4820992867868,1332,224418.15625,84.3278793405778,171.4860382080078,279.9144592285156
1995_1164,1995_1164_rbr_w_offset.tif,-430.4076843261719,578.9677734375,292.0325212571753,348941,101902120.0,113.63526929182814,316.51348876953125,413.51904296875
1987_5,1987_5_rbr_w_offset.tif,-450.40899658203125,481.22442626953125,17.883441520714936,94666,1692953.875,75.62884467234551,3.4507601261138916,80.48609161376953
2011_513,2011_513_rbr_w_offset.tif,-634.1421508789062,553.0737915039062,278.4390591193736,612405,170517472.0,135.92194177949122,301.5998229980469,435.16517333984376
2000_531,2000_531_rbr_w_offset.tif,-71.07955932617188,84.61356353759766,-7.162571903139984,8551,-61247.15234375,23.33775252858264,-10.972881317138672,25.807188034057617
1993_8,1993_8_rbr_w_offset.tif,-173.7133026123047,586.5616455078125,311.9643150845865,34048,10621761.0,137.47482648385773,330.0115661621094,479.2955627441406
2002_691,2002_691_rbr_w_offset.tif,-337.7787170410156,510.923828125,61.90958176438946,37180,2301798.25,88.90944496373858,50.06682586669922,181.89716033935537
1996_675,1996_675_rbr_w_offset.tif,-145.11155700683594,398.565673828125,21.01264069905213,4220,88673.34375,94.01313058306896,0.8898743391036987,146.6110168457031
2003_880,2003_880_rbr_w_offset.tif,-90.69165802001953,161.99591064453125,33.71353202160494,810,27307.9609375,37.848385428657004,29.42446517944336,87.93210754394532
2005_472,2005_472_rbr_w_offset.tif,-65.5256576538086,521.4086303710938,185.8128423804781,1004,186556.09375,176.137614829175,182.0292510986328,421.6913146972656
2011_507,2011_507_rbr_w_offset.tif,-391.58990478515625,605.6013793945312,310.8482718432458,27457,8534961.0,145.4708328214867,341.1418762207031,474.7603759765625
2006_879,2006_879_rbr_w_offset.tif,-60.44081497192383,400.53985595703125,225.43334615384614,1625,366329.1875,82.56846539322683,242.73501586914062,311.66448974609375
2014_2248,2014_2248_rbr_w_offset.tif,-19.638526916503906,469.589599609375,259.9884708737864,1648,428461.0,119.18563571865056,284.0966796875,400.87743225097654
2002_715,2002_715_rbr_w_offset.tif,-363.423583984375,449.89605712890625,106.59505256936669,16074,1713408.875,124.91132417014298,111.33004760742188,271.3203430175781
1998_851,1998_851_rbr_w_offset.tif,-582.155029296875,463.31298828125,168.25857977020155,53090,8932848.0,101.68271712180294,182.18875122070312,285.8531219482422
2018_2810,2018_2810_rbr_w_offset.tif,-27.89575958251953,399.8818664550781,172.07748015873017,1260,216817.625,100.64857666889453,164.57443237304688,317.44356689453133
1999_698,1999_698_rbr_w_offset.tif,-69.26777648925781,578.7734375,293.37962644172836,11618,3408484.5,119.13771532945852,311.3131103515625,438.29774780273436
2006_880,2006_880_rbr_w_offset.tif,-58.620704650878906,346.9776916503906,159.2115878725591,973,154912.875,89.00862729179863,178.85546875,265.6663024902344
2007_492,2007_492_rbr_w_offset.tif,-67.38489532470703,226.8559112548828,69.12726919087137,1928,133277.375,50.073334716572134,73.34834289550781,130.48590087890625
2011_725,2011_725_rbr_w_offset.tif,-67.05755615234375,458.5283508300781,197.69386772260273,584,115453.21875,139.83595383405043,181.27401733398438,403.9239074707031
1995_1255,1995_1255_rbr_w_offset.tif,-126.42996215820312,403.5748596191406,170.58232244510708,14756,2517112.75,88.46667682351222,174.03382873535156,282.29295349121094
1995_1337,1995_1337_rbr_w_offset.tif,-469.3086853027344,423.41680908203125,80.95344734207546,60931,4932574.5,124.45641034147334,87.91226196289062,238.58450317382812
2021_2326,2021_2326_rbr_w_offset.tif,-46.19772720336914,625.793701171875,371.3166536574487,1121,416245.96875,152.03828543403782,401.1798400878906,543.2901000976562
1998_737,1998_737_rbr_w_offset.tif,-699.568115234375,510.60833740234375,87.69403592133976,464682,40749840.0,91.07547437381879,92.07258605957031,187.4877471923828
2019_834,2019_834_rbr_w_offset.tif,-150.3490753173828,316.7916259765625,186.93872162673392,793,148242.40625,84.80750294565999,213.138427734375,263.64475708007814
2006_700,2006_700_rbr_w_offset.tif,-238.7655487060547,454.45806884765625,182.47287476761872,5917,1079692.0,102.65520135489227,188.2466278076172,308.30782470703133
1996_654,1996_654_rbr_w_offset.tif,-277.427978515625,570.0536499023438,143.96428571428572,48244,6945413.0,169.15846238984156,112.88385009765625,402.46550903320315
1999_521,1999_521_rbr_w_offset.tif,-574.9241943359375,530.6326904296875,100.88477630911939,660845,66669200.0,79.5669839412541,92.60001373291016,203.69122009277342
1996_588,1996_588_rbr_w_offset.tif,-507.6360778808594,563.12451171875,121.81800260961803,213058,25954300.0,184.9778818339945,99.48605346679688,386.1587860107423
2018_598,2018_598_rbr_w_offset.tif,-85.55876159667969,581.940185546875,213.2902521558782,9161,1953952.0,186.92067275423082,223.82350158691406,462.2897644042969
2001_361,2001_361_rbr_w_offset.tif,-87.59367370605469,467.15673828125,228.70683479532164,1710,391088.6875,115.06607168066782,242.80357360839844,370.1182861328125
2006_884,2006_884_rbr_w_offset.tif,-536.39501953125,214.18588256835938,-1.2936586366348448,838,-1084.0859375,134.97170379240603,25.81202507019043,156.49389801025401
1988_9,1988_9_rbr_w_offset.tif,-418.31121826171875,285.18011474609375,57.211468855218854,2970,169918.0625,100.18225969482359,60.28160858154297,174.26502990722653
2006_680,2006_680_rbr_w_offset.tif,-133.99520874023438,522.4175415039062,121.25299838265875,47609,5772734.0,110.72530806828274,102.21137237548828,279.20386962890626
2020_525,2020_525_rbr_w_offset.tif,-93.22988891601562,220.42129516601562,46.43077161343612,1816,84318.28125,46.07648389682669,42.78969192504883,107.30331802368164
2019_768,2019_768_rbr_w_offset.tif,-197.76910400390625,577.7674560546875,284.26732408590016,101001,28711284.0,121.88463433016766,298.0581970214844,431.3489074707031
1998_855,1998_855_rbr_w_offset.tif,-399.5851745605469,517.2578125,250.66844506095447,37487,9396808.0,105.86683671361612,259.64105224609375,382.50555419921875
2012_776,2012_776_rbr_w_offset.tif,-146.7091827392578,298.5769958496094,83.57472158121801,9967,832989.25,76.77222785780677,79.3419418334961,186.72523498535156
1996_635,1996_635_rbr_w_offset.tif,-375.5867004394531,604.3130493164062,181.4138441843453,109360,19839418.0,155.59382885814114,181.5379638671875,388.58973083496096
1990_11,1990_11_rbr_w_offset.tif,-95.9608383178711,558.5604858398438,255.56505944517835,12869,3288866.75,101.82582538884567,253.94825744628906,394.5611450195313
1996_650,1996_650_rbr_w_offset.tif,-336.6620788574219,494.4988708496094,192.16257340178012,27077,5203186.0,168.87214931776273,205.85861206054688,408.06311645507816
1988_30,1988_30_rbr_w_offset.tif,-476.3493957519531,264.0631103515625,32.77544773391813,2394,78464.421875,151.7902199169251,63.33821105957031,199.7737976074219
2011_498,2011_498_rbr_w_offset.tif,-528.8546142578125,524.169921875,261.162661311115,73693,19245860.0,136.95849342749943,292.98626708984375,410.5310913085938
2021_2322,2021_2322_rbr_w_offset.tif,-36.764888763427734,447.8746643066406,168.13554468047752,712,119712.5078125,141.3904040082925,145.17361450195312,359.4950988769531
2021_1353,2021_1353_rbr_w_offset.tif,-173.36203002929688,461.8762512207031,226.5056795131846,2465,558336.5,129.08537193699607,252.75669860839844,380.69078979492184
2018_403,2018_403_rbr_w_offset.tif,-210.40481567382812,478.9630126953125,244.81186668777707,3158,773115.875,131.45182037342244,263.1986999511719,395.2826080322266
2023_1627,2023_1627_rbr_w_offset.tif,-48.689613342285156,527.9239501953125,264.48849126344084,1488,393558.875,182.02067725078095,320.4150695800781,465.5345428466797
2006_725,2006_725_rbr_w_offset.tif,-42.22685623168945,445.4455261230469,227.3171821572894,3217,731279.375,100.68089581936026,245.04611206054688,342.60748291015625
1996_671,1996_671_rbr_w_offset.tif,-291.8349914550781,530.6241455078125,54.551807202650856,17202,938400.1875,133.54695386607392,11.644819259643555,259.9520568847656
2018_1821,2018_1821_rbr_w_offset.tif,-151.4905548095703,460.28692626953125,235.905704008222,1946,459072.5,117.90065989481548,264.82757568359375,357.79246520996094
1996_575,1996_575_rbr_w_offset.tif,-353.3569030761719,615.435546875,123.86345385174418,13760,1704361.125,169.8593354651605,58.592288970947266,398.4480682373047
2012_1041,2012_1041_rbr_w_offset.tif,-44.475582122802734,328.0821533203125,123.17815121155638,1073,132170.15625,54.902734949777646,120.04304504394531,194.8115661621094
2024_651,2024_651_rbr_w_offset.tif,-116.96894836425781,372.28680419921875,138.87430631368267,687,95406.6484375,128.29609703283418,145.97897338867188,297.2019348144531
2003_807,2003_807_rbr_w_offset.tif,-85.49241638183594,464.95318603515625,237.20210517043952,11353,2692955.5,121.5240239406578,255.598388671875,383.7404602050783
1996_614,1996_614_rbr_w_offset.tif,-289.124267578125,448.19525146484375,107.75019314746389,14885,1603861.625,171.4402453670399,126.18931579589844,327.18792724609375
2013_1183,2013_1183_rbr_w_offset.tif,-75.98663330078125,517.1466064453125,296.19149964838255,1422,421184.3125,121.90303084185858,319.0563049316406,440.579345703125
1995_1192,1995_1192_rbr_w_offset.tif,-279.3603820800781,523.1790161132812,136.89909540995743,5403,739665.8125,202.09903809948256,143.54641723632812,401.5125732421875
1996_587,1996_587_rbr_w_offset.tif,-248.99949645996094,583.221923828125,190.47125508914783,14246,2713453.5,164.70447667422818,208.7659149169922,392.9083557128906
1996_561,1996_561_rbr_w_offset.tif,-103.43354797363281,657.2771606445312,337.0063081309098,77519,26124392.0,149.66331003358476,355.63336181640625,522.1148071289062
1996_665,1996_665_rbr_w_offset.tif,-480.1051940917969,512.8517456054688,32.995100162664876,113116,3732273.75,119.53267217887509,31.98379135131836,183.14898681640625
2023_1633,2023_1633_rbr_w_offset.tif,-117.58866882324219,450.24993896484375,189.12909007352943,1360,257215.5625,124.52713210417924,200.01889038085938,343.2386474609375
1987_1,1987_1_rbr_w_offset.tif,-436.443603515625,468.8423156738281,9.821007473673271,7217,70878.2109375,69.02061923807071,0.4160447418689728,64.03362274169925
1988_60,1988_60_rbr_w_offset.tif,-199.7940673828125,539.4320068359375,223.39864443751947,25672,5735090.0,104.51791488234774,226.22386169433594,360.6573486328126
2021_1204,2021_1204_rbr_w_offset.tif,-436.08966064453125,545.365234375,168.11431854289606,8812,1481423.375,146.34774301399716,170.59510803222656,351.71082458496096
2021_1303,2021_1303_rbr_w_offset.tif,-74.81124877929688,390.047607421875,103.37421016483516,1820,188141.0625,86.36342079201877,103.20301818847656,222.5040451049805
1999_697,1999_697_rbr_w_offset.tif,-105.29750061035156,100.26373291015625,29.827068946517777,6806,203003.03125,34.837589642235656,35.037017822265625,71.0095100402832
1999_1125,1999_1125_rbr_w_offset.tif,-16.008378982543945,439.0086669921875,237.3534097906404,406,96365.484375,105.07393738664359,230.558837890625,381.95738220214844
1996_600,1996_600_rbr_w_offset.tif,-147.4193878173828,510.595703125,216.41887530898106,3641,787981.125,135.86305459180136,209.5391845703125,406.7349853515625
1998_860,1998_860_rbr_w_offset.tif,-80.15373229980469,512.9691162109375,223.9824147933285,1379,308871.75,117.63304126512905,213.7107696533203,385.1689758300781
1987_14,1987_14_rbr_w_offset.tif,-450.6474609375,351.1819152832031,118.04697520966947,16216,1914249.75,67.93963542119216,116.89555358886719,204.54795837402344
1986_261,1986_261_rbr_w_offset.tif,-86.87943267822266,444.86456298828125,196.21182040317655,3274,642397.5,83.45977069979553,184.35513305664062,315.8491455078126
2014_2247,2014_2247_rbr_w_offset.tif,-181.8087158203125,256.8639831542969,-7.1042722481248735,4933,-35045.375,47.736844757390024,-10.855751037597656,49.309790802001956
1989_1042,1989_1042_rbr_w_offset.tif,-102.12003326416016,162.2178497314453,-2.9975109592257234,4459,-13365.9013671875,35.24151345070743,-5.577221870422363,32.26864700317387
2007_380,2007_380_rbr_w_offset.tif,-369.6378173828125,332.5601501464844,131.75166728417932,8097,1066793.25,68.77941162958008,134.41065979003906,216.65852661132814
1988_41,1988_41_rbr_w_offset.tif,-609.7952880859375,478.27069091796875,95.49975099601593,56224,5369378.0,155.75522316191055,111.89893341064453,301.3048858642578
1995_1327,1995_1327_rbr_w_offset.tif,-387.296630859375,428.6605224609375,59.16793375420735,59717,3533331.5,139.89364213663976,76.4637222290039,234.33516540527344
1995_1319,1995_1319_rbr_w_offset.tif,-174.25587463378906,332.3359069824219,165.05866198144105,1832,302387.46875,80.13491940861714,171.358154296875,264.28943786621096
1995_1220,1995_1220_rbr_w_offset.tif,-514.3327026367188,609.0446166992188,181.7194938565927,81795,14863746.0,174.14797575210545,175.78875732421875,420.1722290039063
2023_201,2023_201_rbr_w_offset.tif,-404.3514404296875,573.2863159179688,278.4916385368823,271065,75489336.0,141.76702580700186,306.1063537597656,441.2524353027344
1996_644,1996_644_rbr_w_offset.tif,-239.12832641601562,583.3486328125,192.33749156530615,173391,33349590.0,125.98280154533057,180.61672973632812,371.5912780761719
2006_710,2006_710_rbr_w_offset.tif,-18.169918060302734,268.5073547363281,120.40607077685088,1918,230938.84375,47.01749037227212,120.84059143066406,179.4296417236328
1996_598,1996_598_rbr_w_offset.tif,-121.01416015625,551.6646118164062,153.98559971554994,6328,974420.875,138.95410285108062,130.29019165039062,360.7714355468752
1996_540,1996_540_rbr_w_offset.tif,-225.587890625,612.66357421875,257.1280772704072,25469,6548795.0,145.2273694060107,250.9180908203125,457.10297241210947
2010_546,2010_546_rbr_w_offset.tif,-459.3013916015625,586.449462890625,198.54989553023213,78013,15489473.0,157.43800844061562,191.17532348632812,416.73992919921875
1995_1165,1995_1165_rbr_w_offset.tif,-386.2076721191406,574.9370727539062,242.40019342486164,153031,37094744.0,179.16355520234504,278.1634216308594,453.6673583984375
1988_65,1988_65_rbr_w_offset.tif,-399.7908630371094,638.5398559570312,273.40547887408366,1284607,351218592.0,144.695783965339,284.6123046875,454.7547973632813
2006_751,2006_751_rbr_w_offset.tif,-72.85099792480469,387.42071533203125,191.67397841171936,6485,1243005.75,77.00978639464175,195.74081420898438,286.074951171875
1989_1161,1989_1161_rbr_w_offset.tif,-6.66646146774292,653.4151611328125,356.17996724890827,2290,815652.125,145.54767068485037,365.7913818359375,540.9275329589843
2003_828,2003_828_rbr_w_offset.tif,-91.9686508178711,497.5227966308594,225.09676946283415,11933,2686079.75,113.10766490630863,224.29339599609375,379.6537231445314
1988_7,1988_7_rbr_w_offset.tif,-164.44151306152344,128.8065643310547,-3.597915104947526,3335,-11999.046875,33.00506924275443,0.592997670173645,31.639593887329095
2005_1270,2005_1270_rbr_w_offset.tif,-57.2685432434082,362.1541442871094,148.16392463235294,170,25187.8671875,106.67269846193179,139.46160888671875,306.2377624511719
1996_660,1996_660_rbr_w_offset.tif,-312.8000183105469,553.9107666015625,148.57737845766974,19088,2836045.0,176.56174854806844,155.19021606445312,386.34788818359374
2016_693,2016_693_rbr_w_offset.tif,-319.3395080566406,594.9141235351562,175.81803861788617,4920,865024.75,187.41736853157798,148.486083984375,453.53353881835943
1996_582,1996_582_rbr_w_offset.tif,-97.23006439208984,572.6911010742188,235.36231369765792,5636,1326502.0,134.62158023452912,235.03567504882812,414.12303161621094
2003_796,2003_796_rbr_w_offset.tif,-48.546836853027344,534.6436157226562,308.5952226264726,2886,890605.8125,130.74261123899905,334.05419921875,457.22222900390625
1995_1303,1995_1303_rbr_w_offset.tif,-56.91032028198242,442.0640563964844,152.07267318317042,2353,357827.0,73.68860456798436,144.08921813964844,251.44046020507812
2021_2312,2021_2312_rbr_w_offset.tif,-54.663848876953125,494.10443115234375,288.76033519553073,895,258440.5,117.36903856683448,322.8610534667969,406.5154968261719
2010_884,2010_884_rbr_w_offset.tif,-356.2587890625,527.1642456054688,168.7391782255954,19105,3223762.0,97.0446593080184,170.49343872070312,294.53436279296875
1988_21,1988_21_rbr_w_offset.tif,-394.0,358.447265625,46.650131722097846,333657,15565143.0,69.66445112491606,50.17401123046875,132.3639373779297
2011_568,2011_568_rbr_w_offset.tif,-50.51913833618164,513.0991821289062,264.9812992125984,2159,572094.625,91.3404609158293,277.0034484863281,370.20259399414067
1986_11,1986_11_rbr_w_offset.tif,-520.1803588867188,610.4982299804688,253.32519527857428,748418,189593136.0,139.81458660269524,267.9435119628906,425.7155456542969
1995_1121,1995_1121_rbr_w_offset.tif,-209.8886260986328,619.0897827148438,43.51119689770822,14312,622732.25,106.08036437534656,12.240160942077637,181.92643585205076
1995_1322,1995_1322_rbr_w_offset.tif,-243.3629913330078,430.7607116699219,128.35010919375625,13966,1792537.625,113.24223287769895,133.75265502929688,275.00836181640625
1999_468,1999_468_rbr_w_offset.tif,-510.04058837890625,523.3285522460938,121.17179558695922,8067,977492.875,168.37481198236694,138.91433715820312,342.3508239746094
2006_677,2006_677_rbr_w_offset.tif,-259.7315673828125,540.7340087890625,218.24531186302488,14718,3212134.5,141.59351833147903,236.21542358398438,384.68189086914066
1998_844,1998_844_rbr_w_offset.tif,-139.05130004882812,100.54090881347656,-20.657719017094017,4329,-89427.265625,44.05095818697245,-21.444860458374023,36.8453353881836
2011_730,2011_730_rbr_w_offset.tif,-46.78741455078125,521.1121826171875,269.7305661705551,1243,335275.09375,120.15398714925787,284.77490234375,412.6669616699219
1995_1298,1995_1298_rbr_w_offset.tif,-435.0046691894531,507.9501953125,111.7508081257414,16860,1884118.625,159.90584281883304,90.87478637695312,339.7916290283203
2006_873,2006_873_rbr_w_offset.tif,-45.190513610839844,374.8998718261719,146.009941089838,1358,198281.5,106.1345868240739,153.9705352783203,284.98461303710934
2006_701,2006_701_rbr_w_offset.tif,-111.87493133544922,516.0249633789062,242.96850929744028,12853,3122874.25,106.42771200056205,262.6038513183594,365.3431396484375
2002_669,2002_669_rbr_w_offset.tif,0.48319950699806213,575.352294921875,346.5086069915254,1888,654208.25,126.35767152272103,360.2995300292969,501.3199981689453
2021_2319,2021_2319_rbr_w_offset.tif,-244.45388793945312,467.4372863769531,155.07868404118403,3885,602480.6875,138.31456483805025,161.46527099609375,334.54249267578126
2006_881,2006_881_rbr_w_offset.tif,-80.63688659667969,290.2846984863281,20.34131786040146,685,13933.802734375,72.18370993564463,-2.1663501262664795,137.05331420898438
2019_1518,2019_1518_rbr_w_offset.tif,-83.80960845947266,177.28353881835938,29.420032334511568,778,22888.78515625,40.62471439186238,20.85590362548828,78.04334030151374
2007_493,2007_493_rbr_w_offset.tif,-141.92608642578125,136.50143432617188,3.894622193736142,451,1756.474609375,53.73673637454609,12.882012367248535,65.6219253540039
1996_630,1996_630_rbr_w_offset.tif,-292.56182861328125,389.49432373046875,-4.29083546852123,8196,-35167.6875,112.25468545841612,-26.48652458190918,167.50344848632812
2007_993,2007_993_rbr_w_offset.tif,-125.7518310546875,409.2952575683594,65.3742968104872,1211,79168.2734375,117.7000077477562,17.837711334228516,252.10093688964844
2018_2811,2018_2811_rbr_w_offset.tif,-118.854736328125,498.5611877441406,172.91945266272188,2535,438350.8125,164.1951187641027,174.99899291992188,386.3981628417969
2014_2249,2014_2249_rbr_w_offset.tif,-381.7308349609375,436.89947509765625,106.27589510409517,4371,464531.9375,150.3632441889462,80.5015869140625,312.8659362792969
1996_716,1996_716_rbr_w_offset.tif,-144.29893493652344,591.0054931640625,207.41785777307217,5667,1175437.0,128.48662038219575,198.48095703125,387.33040161132817
1999_463,1999_463_rbr_w_offset.tif,-545.3587036132812,618.7752685546875,262.74658025114513,96279,25296978.0,179.39581303832816,293.47906494140625,480.1775207519531
2002_714,2002_714_rbr_w_offset.tif,-496.06634521484375,410.6718444824219,-5.7831895007166745,10465,-60521.078125,142.03479415787166,-15.562273025512695,175.73809814453125
1995_1673,1995_1673_rbr_w_offset.tif,-5.12916374206543,477.5574035644531,301.44375,600,180866.25,86.22741158727226,315.50140380859375,391.27178955078125
2006_878,2006_878_rbr_w_offset.tif,-52.17346954345703,419.5727844238281,180.6790682164634,656,118525.46875,114.88646093312876,194.44979858398438,330.9834442138672
2010_876,2010_876_rbr_w_offset.tif,-76.30347442626953,501.8305969238281,175.3633545310016,3145,551517.75,120.20110140635802,161.82757568359375,352.4806823730469
2021_2306,2021_2306_rbr_w_offset.tif,-146.86380004882812,225.83424377441406,72.5244574964132,697,50549.546875,64.65186531056209,70.7065200805664,155.36572875976563
1995_1317,1995_1317_rbr_w_offset.tif,-359.8849182128906,515.4527587890625,134.49497953440778,23454,3154445.25,105.20801325628778,132.64097595214844,270.7710876464844
1996_674,1996_674_rbr_w_offset.tif,-102.16255950927734,578.0465698242188,258.92911403209285,2929,758403.375,139.70100709427211,248.79904174804688,459.2485046386719
2005_515,2005_515_rbr_w_offset.tif,-359.090087890625,462.822509765625,201.18014927545272,48099,9676564.0,123.27952115109063,218.23338317871094,348.7882019042969
1995_1271,1995_1271_rbr_w_offset.tif,-255.12747192382812,632.6976928710938,307.87149675448643,13095,4031577.25,166.36835747892863,322.1689758300781,519.4973266601563
1995_1297,1995_1297_rbr_w_offset.tif,-83.89791107177734,411.5889892578125,229.2652088128905,3041,697195.5,87.81866902640905,240.40093994140625,333.2169189453125
2015_1140,2015_1140_rbr_w_offset.tif,-70.98265838623047,483.31842041015625,207.99949827981652,2616,544126.6875,101.64162186816996,211.02880859375,337.7567138671875
2019_748,2019_748_rbr_w_offset.tif,-532.959716796875,466.9779357910156,226.22501553061844,75657,17115506.0,119.23227438510041,254.3941650390625,353.7809143066406
2021_1890,2021_1890_rbr_w_offset.tif,-136.99917602539062,509.2450866699219,238.9123705039269,32723,7817929.5,113.0122045377396,251.47471618652344,376.550341796875
1996_670,1996_670_rbr_w_offset.tif,-142.81475830078125,616.3790283203125,187.07361364870872,20251,3788427.75,161.8537399883142,163.3213653564453,436.20220947265625
2003_885,2003_885_rbr_w_offset.tif,-31.571247100830078,77.6873779296875,29.40813679245283,265,7793.15625,22.149896714087575,31.47350311279297,55.9016227722168
2006_724,2006_724_rbr_w_offset.tif,-71.4580078125,390.6620788574219,187.0447235107422,2048,383067.59375,106.96118351624753,204.46917724609375,315.29022521972655
2010_872,2010_872_rbr_w_offset.tif,-104.8602294921875,427.4126892089844,100.81636679292929,2376,239539.6875,103.39647807496873,67.45443725585938,266.20973205566406
1989_965,1989_965_rbr_w_offset.tif,-97.38536834716797,582.5313720703125,276.9118604833647,12744,3528964.75,131.23324445310524,279.07501220703125,450.46469726562503
1995_1235,1995_1235_rbr_w_offset.tif,-304.0961608886719,550.2650756835938,27.181233352359207,6570,178580.703125,112.80302310310836,6.272519111633301,169.98370971679705
1998_732,1998_732_rbr_w_offset.tif,-513.0184936523438,485.0124206542969,54.384105073347584,209073,11370248.0,126.33107417076808,46.25719451904297,220.47787475585938
2021_1988,2021_1988_rbr_w_offset.tif,-253.50233459472656,515.2742309570312,238.72781978911493,9389,2241415.5,140.77469968956558,271.5331115722656,398.0289306640625
1996_651,1996_651_rbr_w_offset.tif,-600.576904296875,564.8873901367188,76.55242833075886,214283,16403884.0,148.83990550945728,63.8475456237793,283.5993347167969
2006_659,2006_659_rbr_w_offset.tif,-109.24420928955078,553.8047485351562,294.3332092099547,16113,4742591.0,125.31819675427555,328.7401123046875,418.3709411621094
2006_681,2006_681_rbr_w_offset.tif,-134.7455596923828,430.1539001464844,171.0070730572359,10745,1837471.0,95.59531086140726,179.1630096435547,290.2334350585938
1995_1250,1995_1250_rbr_w_offset.tif,-282.3686828613281,469.2713928222656,153.42424457226184,3086,473467.21875,161.77885622057244,171.65362548828125,353.6690979003906
2001_360,2001_360_rbr_w_offset.tif,-905.4796752929688,451.3088684082031,44.687636791420445,4569,204177.8125,201.86599242468955,2.5740065574645996,336.7646667480468
2023_175,2023_175_rbr_w_offset.tif,-451.29156494140625,492.3350830078125,269.54942921030954,8497,2290361.5,120.26649051929807,301.31866455078125,394.95411987304703
1993_248,1993_248_rbr_w_offset.tif,-145.80630493164062,230.83932495117188,2.1644214346076938,10502,22730.75390625,44.87503279285017,2.551650047302246,55.554927825927734
2013_929,2013_929_rbr_w_offset.tif,-658.6138305664062,847.3595581054688,292.5814483887413,223614,65425308.0,135.9501319043477,317.969970703125,447.50585937500006
2011_455,2011_455_rbr_w_offset.tif,-94.02301025390625,540.5130004882812,352.99366821443647,4738,1672484.0,98.01672303935348,373.1200256347656,456.6139343261719
1991_440,1991_440_rbr_w_offset.tif,-16.664512634277344,524.6405029296875,295.0406605113636,1056,311562.9375,104.7576690048376,312.50396728515625,413.9642639160156
2006_877,2006_877_rbr_w_offset.tif,-104.58943176269531,395.864501953125,182.44372751798562,2780,507193.5625,100.7050751116862,204.00474548339844,293.27439575195314
1993_10,1993_10_rbr_w_offset.tif,-305.1656799316406,587.3280639648438,258.8444973358938,184865,47851288.0,143.74761325728005,286.2085266113281,428.14215087890625
2016_1167,2016_1167_rbr_w_offset.tif,-244.54257202148438,371.0094909667969,-40.284495223738254,65009,-2618854.75,51.1964623821505,-39.852508544921875,8.20325794219975
2020_530,2020_530_rbr_w_offset.tif,-51.189537048339844,363.3392639160156,226.16009473425197,254,57444.6640625,79.49834946487455,233.78555297851562,315.5421661376953
2014_2246,2014_2246_rbr_w_offset.tif,-86.75273895263672,357.09552001953125,38.84814956865884,2811,109202.1484375,86.56425752170497,6.25477933883667,186.02841186523438
2021_2012,2021_2012_rbr_w_offset.tif,-349.5471496582031,526.1516723632812,178.23532890110593,31286,5576270.5,152.08540613444657,173.3126983642578,388.4153594970703
2005_463,2005_463_rbr_w_offset.tif,-87.7210464477539,508.21099853515625,234.76807605332064,4201,986260.6875,108.88323090597211,246.0260467529297,363.48590087890625
2021_2316,2021_2316_rbr_w_offset.tif,-104.19000244140625,402.5425109863281,121.31578031809146,2515,305109.1875,89.22143285298128,118.69834899902344,243.94656372070312
2010_558,2010_558_rbr_w_offset.tif,-256.6296691894531,525.749267578125,134.23631919255638,19023,2553577.5,133.86849944654224,94.69855499267578,341.6508178710937
1996_586,1996_586_rbr_w_offset.tif,-109.13052368164062,630.7349853515625,328.2938682010936,73339,24076744.0,152.57257270928008,353.2403259277344,514.709716796875
1989_1039,1989_1039_rbr_w_offset.tif,-555.6505737304688,569.4842529296875,41.660682932735966,33034,1376219.0,206.9620475704356,-73.05252838134766,366.13946533203125
1995_1232,1995_1232_rbr_w_offset.tif,-320.8826599121094,637.06103515625,211.25243625867637,145510,30739342.0,178.94544895566202,211.86285400390625,447.6300964355469
1996_656,1996_656_rbr_w_offset.tif,-308.2276306152344,500.58502197265625,91.12791939256296,59002,5376729.5,127.75150907828768,94.61567687988281,260.19785766601564
1996_668,1996_668_rbr_w_offset.tif,-15.504748344421387,396.4308776855469,164.7268095026643,2815,463705.96875,69.503216436793,163.031005859375,254.00445251464842
2012_1782,2012_1782_rbr_w_offset.tif,28.421611785888672,417.7694091796875,213.9597039473684,133,28456.640625,96.62247754777542,200.01547241210938,346.3387023925781
2006_702,2006_702_rbr_w_offset.tif,-74.76374053955078,490.44805908203125,279.0232155232155,8658,2415783.0,96.1369389469443,297.82720947265625,386.36084594726566
2006_686,2006_686_rbr_w_offset.tif,-219.97891235351562,472.4838562011719,218.7724613995097,46502,10173357.0,105.95517527883504,224.7763671875,352.91168518066405
2017_2545,2017_2545_rbr_w_offset.tif,-100.99915313720703,367.7201843261719,69.64881927381927,3663,255123.625,83.40931830096424,65.1983413696289,181.32920532226564
1998_853,1998_853_rbr_w_offset.tif,-114.21922302246094,461.295654296875,241.13448155880306,2874,693020.5,98.25350355103704,256.1681213378906,351.9720275878908
2011_727,2011_727_rbr_w_offset.tif,-53.767765045166016,426.906982421875,103.97665028089888,979,101793.140625,100.61459524208246,74.8695068359375,256.192626953125
1995_1397,1995_1397_rbr_w_offset.tif,-364.6732177734375,556.9780883789062,55.117376769428745,17873,985112.875,171.45440966001547,1.4064455032348633,321.6350524902345
1995_1276,1995_1276_rbr_w_offset.tif,-394.339111328125,486.0918273925781,92.22792456442657,26115,2408532.25,135.79172676391485,84.5349349975586,280.247216796875
1997_338,1997_338_rbr_w_offset.tif,-199.9580535888672,469.0904846191406,196.4243011655472,2531,497149.90625,180.08121530278783,258.3731384277344,382.1680603027344
1989_1190,1989_1190_rbr_w_offset.tif,-74.74827575683594,650.5610961914062,345.7695970111853,43897,15178248.0,145.23104015608445,361.7151184082031,528.854248046875
2002_717,2002_717_rbr_w_offset.tif,-575.9437866210938,547.6388549804688,56.82842540455537,19713,1120258.75,117.04738104867027,14.970746994018555,224.0928955078125
2000_451,2000_451_rbr_w_offset.tif,-106.86844635009766,207.6446533203125,22.950557729661792,1094,25107.91015625,59.11114153579888,11.896690368652344,107.30799865722656
2006_699,2006_699_rbr_w_offset.tif,-130.33609008789062,465.9097900390625,167.2169582864354,29319,4902634.0,96.29851708733159,167.89968872070312,295.3593322753906
1996_715,1996_715_rbr_w_offset.tif,-166.09271240234375,572.6043090820312,253.00991773308957,5470,1383964.25,116.61407905198219,260.35833740234375,397.25
2012_734,2012_734_rbr_w_offset.tif,-142.4475860595703,479.81011962890625,177.79188368055554,1152,204816.25,200.31768519962915,188.23658752441406,422.53131103515625
2006_723,2006_723_rbr_w_offset.tif,-94.97097778320312,459.6934814453125,212.69334795321637,2907,618299.5625,111.3612565768123,229.4729461669922,349.65513305664064
1991_9,1991_9_rbr_w_offset.tif,-149.38352966308594,371.7599792480469,10.368767300407926,858,8896.40234375,149.13901125874975,-62.65901184082031,285.0527130126954
2000_533,2000_533_rbr_w_offset.tif,-203.6873016357422,185.56558227539062,-0.3033123440509543,5711,-1732.216796875,54.12606862330438,-3.6468234062194824,74.75033569335938
2002_675,2002_675_rbr_w_offset.tif,-150.9482879638672,616.8538208007812,166.3451505916099,2789,463936.625,200.40053685927793,106.63626861572266,443.4973632812501
2018_802,2018_802_rbr_w_offset.tif,-80.99755859375,381.7082824707031,200.36417410714284,1120,224407.875,94.45557438650056,216.55154418945312,310.1267303466797
1998_714,1998_714_rbr_w_offset.tif,-652.7789916992188,587.4760131835938,116.30559347708189,106946,12438418.0,212.58612831862717,114.07807922363281,406.12525939941406
2005_496,2005_496_rbr_w_offset.tif,-72.92322540283203,581.9373168945312,305.65936587400915,19176,5861324.0,119.01379420642387,325.32293701171875,445.6606750488281
2010_875,2010_875_rbr_w_offset.tif,-30.876192092895508,400.2807922363281,87.16482877677565,887,77315.203125,76.71593345305091,77.15437316894531,179.13479614257812
1999_474,1999_474_rbr_w_offset.tif,-176.3643035888672,427.7021789550781,101.48156374618813,4263,432615.90625,92.38062526391295,90.85470581054688,235.19960327148436
2005_1311,2005_1311_rbr_w_offset.tif,97.09680938720703,396.4825439453125,285.03707932692305,65,18527.41015625,86.88451701356836,305.3921813964844,385.90321044921876
2003_815,2003_815_rbr_w_offset.tif,-297.3184509277344,535.0470581054688,301.99288231148694,7095,2142639.5,116.34955960138278,320.5096740722656,431.0920715332031
1987_12,1987_12_rbr_w_offset.tif,-90.92929077148438,477.4795837402344,173.7298691860465,2580,448223.0625,85.1624848453472,176.23126220703125,279.0960418701172
2015_1153,2015_1153_rbr_w_offset.tif,-33.366451263427734,478.2725830078125,261.2477473159509,652,170333.53125,124.73915435216188,273.1842956542969,420.0988311767578
2012_745,2012_745_rbr_w_offset.tif,-649.08544921875,566.4796752929688,9.037134911757395,20115,181781.96875,95.29570989538242,-27.77945327758789,170.0299835205079
1995_1180,1995_1180_rbr_w_offset.tif,-288.5674133300781,449.6470031738281,147.96836180124222,5152,762333.0,156.59438329166608,175.65325927734375,327.0543579101564
2021_1484,2021_1484_rbr_w_offset.tif,-86.3826675415039,276.8008728027344,63.530794149596524,1611,102348.109375,57.16895283262958,57.438758850097656,136.5743865966797
2011_495,2011_495_rbr_w_offset.tif,-231.8142852783203,511.1639099121094,205.63599235314564,14385,2958073.75,129.52037990795827,206.2635955810547,377.41033935546875
2015_1136,2015_1136_rbr_w_offset.tif,-318.5598449707031,395.0060119628906,86.32514403292181,12150,1048850.5,112.747949692477,82.71436309814453,236.86984252929688
2006_709,2006_709_rbr_w_offset.tif,-76.10916900634766,444.00531005859375,186.35766088696232,2999,558886.625,98.74403842900008,189.13034057617188,316.71719970703134
1992_6,1992_6_rbr_w_offset.tif,-520.06494140625,534.7552490234375,-1.441015752007103,159932,-230464.53125,141.46746462943847,-45.227413177490234,232.96148681640622
1999_537,1999_537_rbr_w_offset.tif,-51.31660079956055,394.160888671875,188.192578125,260,48930.0703125,104.56873455754156,194.66384887695312,316.39561767578124
2023_1614,2023_1614_rbr_w_offset.tif,-62.47715377807617,484.5918273925781,264.5471586221122,1212,320631.15625,127.90847478665812,303.6925048828125,405.20032043457036
1988_22,1988_22_rbr_w_offset.tif,-484.50933837890625,420.1719970703125,137.15479115479116,6512,893152.0,147.85451672247024,160.06356811523438,312.8096008300781
2017_3692,2017_3692_rbr_w_offset.tif,-141.2046356201172,428.4684143066406,120.57503932191541,2861,344965.1875,92.7150467107663,117.71367645263672,245.27874755859375
1995_1226,1995_1226_rbr_w_offset.tif,-121.34913635253906,577.5465698242188,199.56672099087353,7670,1530676.75,174.3756902185655,168.3112030029297,453.65960083007815
2006_870,2006_870_rbr_w_offset.tif,-45.49434280395508,271.1695251464844,134.4842469262295,915,123053.0859375,53.886353983648014,138.51675415039062,202.6744842529297
1988_47,1988_47_rbr_w_offset.tif,-125.00076293945312,658.3262329101562,378.22986330772704,17704,6696181.5,138.67711495948748,407.9046936035156,532.6370849609375
2003_834,2003_834_rbr_w_offset.tif,-319.4121398925781,290.7755432128906,24.14668132878151,1904,45975.28125,61.10551796468009,17.07305908203125,101.03930130004886
1996_627,1996_627_rbr_w_offset.tif,-199.45327758789062,513.201416015625,211.24803132188993,11302,2387525.25,128.94914506626773,214.5338134765625,388.85443420410155
2006_692,2006_692_rbr_w_offset.tif,-301.6234436035156,366.1825256347656,3.599959160212972,3099,11156.2734375,156.46588023208494,-31.98776626586914,210.87568664550784
1988_26,1988_26_rbr_w_offset.tif,-816.80029296875,385.91937255859375,-14.718170186201878,30236,-445018.59375,151.61363871829894,19.086652755737305,155.90265655517578
2014_1657,2014_1657_rbr_w_offset.tif,-203.0178680419922,269.7565002441406,-2.6235097561095397,6363,-16693.392578125,47.78495428373512,-4.793317794799805,51.29579162597656
1990_1,1990_1_rbr_w_offset.tif,-409.131591796875,280.5082702636719,-28.0703937564625,32882,-923010.6875,51.33775788451838,-21.65869903564453,28.487393569946303
2021_1898,2021_1898_rbr_w_offset.tif,-65.56304168701172,564.4177856445312,288.341839008736,5609,1617309.375,130.38738801262826,325.4745178222656,420.2625427246094
1996_678,1996_678_rbr_w_offset.tif,-168.95541381835938,568.4507446289062,191.46707687390122,12514,2396019.0,116.92649474359753,189.11317443847656,342.16943359375
1996_646,1996_646_rbr_w_offset.tif,-537.0465698242188,498.522705078125,102.23846095411729,16455,1682333.875,152.47894568738062,108.0221176147461,296.01158447265624
2006_696,2006_696_rbr_w_offset.tif,-353.1510314941406,466.92877197265625,214.11926229508197,2135,457144.625,94.88299307718191,217.7662353515625,330.6665893554688
1998_843,1998_843_rbr_w_offset.tif,-168.89105224609375,217.91806030273438,31.475391897394136,921,28988.8359375,72.01585774592496,38.7346076965332,118.92371368408203
2006_749,2006_749_rbr_w_offset.tif,-40.171470642089844,314.5279541015625,123.30256156093489,1198,147716.46875,73.35244194345232,120.623046875,221.8740432739258
1991_26,1991_26_rbr_w_offset.tif,-111.52094268798828,590.8080444335938,362.41503267973854,13923,5045904.5,146.34414477843066,401.6271057128906,516.7916259765626
1995_1398,1995_1398_rbr_w_offset.tif,-180.0889892578125,611.8750610351562,273.13642678521813,39589,10813198.0,143.35125581564782,279.9732666015625,464.9669311523439
2006_874,2006_874_rbr_w_offset.tif,-33.19828414916992,390.7492980957031,181.47576836083022,1879,340992.96875,97.21695525290649,183.59036254882812,312.9743530273438
2011_728,2011_728_rbr_w_offset.tif,-12.826391220092773,496.1893005371094,302.2233455882353,697,210649.671875,128.67596352866616,335.7494201660156,449.32086181640625
1987_3,1987_3_rbr_w_offset.tif,-355.28350830078125,456.0269470214844,34.27294741697417,4878,167183.4375,81.84721186136099,23.227439880371094,122.61486129760743
2024_647,2024_647_rbr_w_offset.tif,-155.15011596679688,338.65826416015625,89.04322700226672,10588,942789.6875,89.075141457228,106.88858032226562,191.915202331543
1989_1166,1989_1166_rbr_w_offset.tif,-252.8170928955078,597.7984008789062,341.6188554339305,68882,23531390.0,136.71078568385732,368.3009948730469,497.1707702636719
1998_862,1998_862_rbr_w_offset.tif,-61.85834884643555,452.82568359375,73.896875,495,36578.953125,138.38431731203212,4.942763328552246,326.92814941406255
1996_602,1996_602_rbr_w_offset.tif,-518.5462646484375,499.7844543457031,100.81629391014648,81644,8231045.5,164.43505183166576,115.3921127319336,314.1820922851562
1996_667,1996_667_rbr_w_offset.tif,-233.2604217529297,556.2778930664062,245.88361028511457,57170,14057166.0,147.91741068764458,260.02288818359375,434.0226135253906
2012_724,2012_724_rbr_w_offset.tif,-91.43134307861328,495.7320861816406,214.0463838766007,859,183865.84375,165.04408188268337,259.0475769042969,403.7283386230469
1996_659,1996_659_rbr_w_offset.tif,-342.86505126953125,541.3712768554688,205.05111709327616,197253,40446948.0,130.57007518142592,202.10934448242188,381.9266479492188
1996_585,1996_585_rbr_w_offset.tif,-728.3497924804688,513.4688110351562,58.11865669943565,175776,10215865.0,211.25789437436597,59.73883056640625,340.51531982421875
1995_1304,1995_1304_rbr_w_offset.tif,-62.49897003173828,344.0188293457031,181.63685993975903,83,15075.859375,93.98893720770245,199.26454162597656,283.1806396484375
1989_1276,1989_1276_rbr_w_offset.tif,-136.79293823242188,523.7003173828125,300.00741759591295,20357,6107251.0,111.12336594856971,323.1383361816406,423.09246826171875
1996_628,1996_628_rbr_w_offset.tif,-529.0792236328125,581.5139770507812,144.33740351636754,147823,21336388.0,176.51427938922367,140.81985473632812,389.8350830078125
2012_1043,2012_1043_rbr_w_offset.tif,-151.85665893554688,350.7037353515625,146.7847184065934,910,133574.09375,107.08691179470262,159.69183349609375,277.0685729980469
2020_358,2020_358_rbr_w_offset.tif,-347.8394470214844,448.2309875488281,198.31698564593302,9823,1948067.75,117.35117793279906,212.00038146972656,345.1953430175781
2003_886,2003_886_rbr_w_offset.tif,-117.9250717163086,506.947265625,166.0807533112583,755,125390.96875,186.83857896773807,193.47683715820312,409.13037719726566
1989_1712,1989_1712_rbr_w_offset.tif,-90.5627670288086,404.9568786621094,233.35558411214953,2675,624226.1875,98.15383496041531,242.18087768554688,345.24847412109375
1996_652,1996_652_rbr_w_offset.tif,-255.60577392578125,556.3561401367188,184.61762626307828,111731,20627512.0,127.9227011471381,177.6258544921875,361.08709716796875
1996_568,1996_568_rbr_w_offset.tif,-1047.3990478515625,592.1107788085938,211.37271041747314,147243,31123152.0,202.53637098333968,265.146484375,433.82586669921875
2006_886,2006_886_rbr_w_offset.tif,-52.05570983886719,470.0220031738281,228.14502458592133,966,220388.09375,118.84519915666357,256.3255615234375,361.71044921875
1987_8,1987_8_rbr_w_offset.tif,-618.2369995117188,422.8731994628906,50.827617908331675,45141,2294409.5,112.85615055317467,53.6131706237793,194.3601531982422
2006_682,2006_682_rbr_w_offset.tif,-92.82913970947266,402.0877990722656,150.10067208064967,7142,1072019.0,90.92979720233315,155.43270874023438,265.4638336181641
1995_1315,1995_1315_rbr_w_offset.tif,-113.35429382324219,362.1155700683594,128.59810635288065,486,62498.6796875,78.15529252941535,124.05461883544922,221.46994018554688
2021_297,2021_297_rbr_w_offset.tif,-295.2138671875,398.4853515625,117.79949291615006,71783,8456001.0,83.43110381899676,124.0754165649414,219.77328186035157
1988_16,1988_16_rbr_w_offset.tif,-232.10939025878906,336.0159912109375,16.014039665970774,33530,536950.75,87.05568906079274,-14.878944396972656,165.40015258789074
2010_874,2010_874_rbr_w_offset.tif,-46.92853546142578,468.92596435546875,180.05780291411043,978,176096.53125,138.13668370730315,183.12913513183594,364.4879455566406
1995_1212,1995_1212_rbr_w_offset.tif,-233.9064178466797,553.2281494140625,55.8686668417367,3570,199451.140625,180.47954064137159,-28.085731506347656,346.04541015625
2002_1204,2002_1204_rbr_w_offset.tif,34.79408645629883,290.48956298828125,142.1843967013889,90,12796.595703125,61.18366029336829,132.52252197265625,241.23772125244142
2003_883,2003_883_rbr_w_offset.tif,-175.7767791748047,372.28045654296875,137.65974069148936,1034,142340.171875,75.90227092592144,140.8908233642578,231.12266540527344
2000_532,2000_532_rbr_w_offset.tif,-55.8680419921875,152.99351501464844,15.374828318898656,967,14867.458984375,40.661586814090676,4.766670227050781,73.17677764892574
2006_747,2006_747_rbr_w_offset.tif,-285.4408874511719,362.482421875,144.2616492949111,1631,235290.75,78.50382842542534,149.4217529296875,246.05596923828125
2015_1178,2015_1178_rbr_w_offset.tif,-17.182708740234375,447.16290283203125,242.58854665071772,2090,507010.0625,91.43359334298329,264.8503112792969,343.64540405273436
2002_716,2002_716_rbr_w_offset.tif,-167.7051544189453,516.7807006835938,155.38304875779286,10747,1669901.625,106.72100293881284,137.96109008789062,298.5163269042969
2013_1184,2013_1184_rbr_w_offset.tif,-219.845458984375,530.9856567382812,158.79181517311608,4910,779667.8125,124.51139696093851,136.31979370117188,334.44646301269535
1996_529,1996_529_rbr_w_offset.tif,-114.42474365234375,552.1828002929688,181.02272551745443,6474,1171941.125,119.08499091782183,169.13685607910156,353.7667724609375
2006_698,2006_698_rbr_w_offset.tif,-154.26181030273438,448.65509033203125,217.33101599418393,2751,597877.625,86.97419215582748,236.71034240722656,310.5477294921875
2017_2883,2017_2883_rbr_w_offset.tif,-237.8502197265625,547.7340698242188,282.696502281121,9206,2602504.0,158.18262319721055,339.6308288574219,448.3375549316406
2006_883,2006_883_rbr_w_offset.tif,-270.7259826660156,308.7350769042969,-61.24951418067227,1190,-72886.921875,70.97997042969484,-71.29842376708984,-4.225533056258955
2007_375,2007_375_rbr_w_offset.tif,-190.66270446777344,422.9624328613281,151.05382748485928,2807,424008.09375,125.41187758738457,161.65895080566406,314.37689208984375
2006_687,2006_687_rbr_w_offset.tif,-45.75190734863281,386.0588684082031,179.3243263473054,835,149735.8125,104.35071201360499,198.41751098632812,300.374755859375
2007_991,2007_991_rbr_w_offset.tif,-169.69020080566406,286.1066589355469,38.36084071412656,1122,43040.86328125,61.34057773843639,46.605995178222656,104.52147903442383
1996_632,1996_632_rbr_w_offset.tif,-16.141164779663086,451.20770263671875,278.8321875,400,111532.875,88.31954643583325,293.0339660644531,370.2459655761719
2002_655,2002_655_rbr_w_offset.tif,-284.9876403808594,651.57470703125,327.4194452127517,112079,36696844.0,160.18881596063585,349.0377197265625,523.3370971679688
2006_703,2006_703_rbr_w_offset.tif,-19.046955108642578,358.4437255859375,206.35519578313253,830,171274.8125,62.93291996638593,212.23362731933594,285.3768341064453
1996_657,1996_657_rbr_w_offset.tif,-302.2444763183594,604.9412231445312,125.60021941378987,138551,17402036.0,130.69187175940363,101.49317932128906,319.1529235839844
2021_1169,2021_1169_rbr_w_offset.tif,-91.15587615966797,596.548828125,309.7233129774334,45687,14150329.0,146.83787913750933,346.5652160644531,470.8846252441407
2005_488,2005_488_rbr_w_offset.tif,-351.19561767578125,590.8633422851562,222.46177047473284,222799,49564260.0,147.88940133261212,242.33163452148438,398.1990356445313
1998_846,1998_846_rbr_w_offset.tif,-227.60693359375,97.91527557373047,-25.10639691223515,21569,-541519.875,48.06403817399316,-17.52350616455078,30.793986129760764
2017_2252,2017_2252_rbr_w_offset.tif,-25.084613800048828,635.4698486328125,327.3492510155721,2954,966989.6875,134.7948992156201,355.3752746582031,488.4408447265627
2006_693,2006_693_rbr_w_offset.tif,-261.3710021972656,530.9869995117188,171.49116366587958,13552,2324048.25,144.3208536542214,171.48341369628906,371.88848876953125
2018_2807,2018_2807_rbr_w_offset.tif,-318.7068786621094,382.6591491699219,81.83441666666667,750,61375.8125,111.08252290950675,95.82142639160156,210.89117736816414
2006_871,2006_871_rbr_w_offset.tif,-42.7310676574707,278.6752624511719,145.03425687285224,1455,211024.84375,65.79259094196185,150.38687133789062,226.9598815917969
2023_159,2023_159_rbr_w_offset.tif,-203.59487915039062,570.4535522460938,288.49714826252676,71886,20738906.0,124.22811763344392,311.530517578125,428.37522888183594
1991_23,1991_23_rbr_w_offset.tif,-204.13816833496094,446.6341247558594,163.1036592178771,8950,1459777.75,117.68508503263006,158.92279052734375,322.6683380126953
1995_1146,1995_1146_rbr_w_offset.tif,-231.57029724121094,544.9285888671875,271.7783689173664,259386,70495504.0,124.18140355329437,290.5295104980469,419.54345703125
2018_2101,2018_2101_rbr_w_offset.tif,-571.6019897460938,503.50860595703125,193.03866205991258,80751,15588065.0,146.93613346645736,220.60423278808594,368.29937744140625
1989_795,1989_795_rbr_w_offset.tif,-214.57374572753906,405.2265930175781,110.2968008306962,1896,209122.734375,174.76193806860022,115.09075927734375,338.65708923339844
2002_641,2002_641_rbr_w_offset.tif,-567.439697265625,492.399169921875,63.19576406649616,7820,494190.875,171.73009670824948,28.507020950317383,350.526693725586
1996_579,1996_579_rbr_w_offset.tif,-229.32470703125,591.2071533203125,257.36503488443293,277631,71452512.0,137.38711136550538,274.70947265625,425.85125732421875
1996_580,1996_580_rbr_w_offset.tif,-141.97015380859375,547.26123046875,253.84150020807323,9612,2439924.5,128.5410288642861,259.5867919921875,418.18712158203124
2002_686,2002_686_rbr_w_offset.tif,-371.8038635253906,496.0658264160156,166.22495008616306,131727,21896314.0,103.06101151439034,180.05221557617188,284.27243652343753
2006_708,2006_708_rbr_w_offset.tif,-158.09234619140625,414.8550720214844,162.14057971014492,7590,1230647.0,92.92426365349196,162.47584533691406,283.49668884277355
1995_1238,1995_1238_rbr_w_offset.tif,-43.75680923461914,420.4828796386719,252.80377509124088,274,69268.234375,89.72929306099141,264.0798645019531,367.4266662597656
2018_1731,2018_1731_rbr_w_offset.tif,-189.3082275390625,375.34893798828125,146.94166306228374,1734,254796.84375,131.03360847180755,173.214111328125,298.7826232910156
1995_1403,1995_1403_rbr_w_offset.tif,-128.1836700439453,632.6972045898438,322.22011983601385,3171,1021760.0,163.2887869735891,347.0862731933594,521.485595703125
1995_1102,1995_1102_rbr_w_offset.tif,-136.5663604736328,579.5969848632812,227.67646758341678,48941,11142714.0,128.26433742261736,224.4599151611328,405.6578369140625
1995_1665,1995_1665_rbr_w_offset.tif,-15.566449165344238,398.6995544433594,216.1879519628099,242,52317.484375,108.06295139856292,232.43714904785156,342.5537445068359
2001_353,2001_353_rbr_w_offset.tif,-346.05279541015625,255.5428009033203,44.672526041666664,936,41813.484375,119.93726205270181,66.86328125,184.10106658935547
1996_639,1996_639_rbr_w_offset.tif,-447.1858215332031,508.0000915527344,151.66674109136375,67182,10189275.0,159.05952535844193,155.56019592285156,358.52910766601565
2003_814,2003_814_rbr_w_offset.tif,-541.4210205078125,549.55859375,151.61928586160326,450921,68368320.0,126.29395138566895,153.76705932617188,317.2557067871094
1998_859,1998_859_rbr_w_offset.tif,-107.8187484741211,519.7767944335938,161.21850371537943,4441,715971.375,116.94304844597504,133.55914306640625,333.98760986328125
2021_2314,2021_2314_rbr_w_offset.tif,-92.52224731445312,167.60360717773438,10.18394844667319,2555,26019.98828125,43.919862804406485,5.209499835968018,72.07176208496094
1991_63,1991_63_rbr_w_offset.tif,-33.01676940917969,431.5527648925781,260.9575612437186,1592,415444.4375,94.02758405420519,288.1833801269531,361.96820068359375
1995_1106,1995_1106_rbr_w_offset.tif,-273.2787170410156,545.0791625976562,106.677193038531,125146,13350224.0,151.37286221500688,100.25043487548828,318.61090087890625
1996_584,1996_584_rbr_w_offset.tif,-139.92892456054688,575.0286865234375,300.23858836907084,12312,3696537.5,145.8893522589896,319.3746643066406,479.18421630859376
2002_664,2002_664_rbr_w_offset.tif,-238.46524047851562,394.82489013671875,161.19830854126678,2605,419921.59375,128.4459241029516,188.47340393066406,300.5560607910156
1987_29,1987_29_rbr_w_offset.tif,-117.45201873779297,591.447265625,349.7244066047472,4845,1694414.75,147.7493607674639,384.8547058105469,518.4542968750001
2024_646,2024_646_rbr_w_offset.tif,-66.04756164550781,360.50341796875,163.68255351531815,1273,208367.890625,106.41606722928306,185.60244750976562,288.12217407226564
1987_17,1987_17_rbr_w_offset.tif,-457.9751892089844,542.3184204101562,163.23900538511748,49024,8002629.0,144.28367809306206,165.37136840820312,352.7409759521485
2006_688,2006_688_rbr_w_offset.tif,-96.45149230957031,489.8067321777344,218.01144881825257,24413,5322313.5,91.95994704270217,219.31744384765625,337.4464538574219
1987_2,1987_2_rbr_w_offset.tif,-167.35968017578125,295.2013854980469,-2.0899071978159167,9512,-19879.197265625,31.148973967996543,-8.40534496307373,39.4227600097656
1995_1267,1995_1267_rbr_w_offset.tif,-655.1755981445312,441.6864929199219,57.35097586941093,42270,2424225.75,200.97760743655869,95.12747192382812,301.1773376464844
2001_357,2001_357_rbr_w_offset.tif,-170.9482421875,99.21754455566406,-4.894434539827772,3716,-18187.71875,38.85018205496169,0.227413147687912,41.67429542541504
1989_928,1989_928_rbr_w_offset.tif,-232.09364318847656,575.11279296875,354.0181041497152,14748,5221059.0,131.79963675001167,384.3290100097656,493.9091796875
1995_1399,1995_1399_rbr_w_offset.tif,-195.6621551513672,457.077880859375,6.470200892857143,1540,9964.109375,178.94504862016893,-82.1142807006836,333.6018981933594
2021_1321,2021_1321_rbr_w_offset.tif,-285.99127197265625,525.1640625,221.22334983039536,17983,3978259.5,159.94817224963685,251.75584411621094,413.5423828125
1998_741,1998_741_rbr_w_offset.tif,-99.01293182373047,468.2330322265625,200.41841572891641,7909,1585109.25,91.39713055226485,198.11891174316406,324.96140747070314
2006_671,2006_671_rbr_w_offset.tif,-426.4768981933594,450.7684326171875,111.36581022959535,79749,8881312.0,109.91105557215002,126.17073059082031,243.7184875488281
2020_532,2020_532_rbr_w_offset.tif,81.51736450195312,189.5856475830078,135.2222442626953,4,540.8889770507812,53.7069021771566,134.8929901123047,189.19053802490234
1996_622,1996_622_rbr_w_offset.tif,-180.86196899414062,475.3524475097656,-23.219233266223156,4284,-99471.1953125,104.10436584035132,-57.085121154785156,139.21765136718756
2006_748,2006_748_rbr_w_offset.tif,-155.9572296142578,353.1775207519531,141.88158636500302,3326,471898.15625,65.50493614734985,144.85690307617188,220.54290008544922
1988_19,1988_19_rbr_w_offset.tif,-199.56715393066406,507.1133117675781,248.06198060941827,5776,1432806.0,146.12200725744623,263.453125,429.74017333984375
2021_1742,2021_1742_rbr_w_offset.tif,-192.78172302246094,468.8332824707031,287.6345260514752,7965,2291009.0,91.1583241107752,307.3848876953125,384.3424072265625
1986_17,1986_17_rbr_w_offset.tif,-130.22972106933594,504.8062438964844,223.15086949035813,5808,1296060.25,104.43064799026324,233.1975860595703,350.7251281738281
1995_1324,1995_1324_rbr_w_offset.tif,-326.4825134277344,566.5065307617188,41.527377545224155,11443,475197.78125,131.74809334864727,-16.83946418762207,269.6270935058595
1998_856,1998_856_rbr_w_offset.tif,-278.0585021972656,433.2866516113281,121.40872465314834,9370,1137599.75,82.50669387221467,116.798828125,232.18144073486337
2016_1171,2016_1171_rbr_w_offset.tif,-337.097412109375,548.81005859375,157.0811732374296,14737,2314905.25,131.1843272346765,166.2906494140625,322.99578857421875
2006_665,2006_665_rbr_w_offset.tif,-361.92291259765625,470.7806091308594,207.89966882783713,42878,8914322.0,86.81142263468615,213.99684143066406,312.3305603027344
2023_177,2023_177_rbr_w_offset.tif,-114.93558502197266,547.2122192382812,326.804384294523,2757,900999.6875,120.8583562298668,368.2515869140625,443.7830993652344
2015_1984,2015_1984_rbr_w_offset.tif,-101.56688690185547,308.3322448730469,66.43756145526056,3051,202701.0,66.39083132904199,55.5704345703125,162.95050048828125
2019_1520,2019_1520_rbr_w_offset.tif,-34.09138488769531,390.34515380859375,197.63553674351584,694,137159.0625,83.24500097549914,199.9038848876953,301.9896179199219
2021_2321,2021_2321_rbr_w_offset.tif,-124.93148040771484,470.70904541015625,163.2477728285078,4041,659684.25,101.81878905141582,178.6486358642578,286.89019775390625
2019_833,2019_833_rbr_w_offset.tif,-134.21142578125,562.6142578125,250.10810108153078,1202,300629.9375,171.37571669243485,267.5666809082031,472.2152252197267
1987_47,1987_47_rbr_w_offset.tif,-497.5116882324219,578.5657348632812,72.58752800194327,37051,2689440.5,195.51399492250397,-34.186561584472656,423.4444274902344
1996_653,1996_653_rbr_w_offset.tif,-83.98230743408203,432.3020324707031,253.38495545356372,463,117317.234375,106.71337147678257,266.4280090332031,383.164794921875
1996_569,1996_569_rbr_w_offset.tif,-381.9612121582031,580.9970092773438,90.84951475940154,24730,2246708.5,175.10756742401333,43.41952133178711,353.7559509277344
2002_689,2002_689_rbr_w_offset.tif,-76.87429809570312,573.475341796875,282.4890255905512,5080,1435044.25,123.94557598811195,294.4247131347656,439.39959716796875
1996_590,1996_590_rbr_w_offset.tif,-153.09405517578125,597.7903442382812,281.2848367926202,5637,1585602.625,152.29143429156338,285.7456359863281,485.5678161621094
2000_431,2000_431_rbr_w_offset.tif,-624.03662109375,395.2969055175781,27.902544494823037,73885,2061579.5,147.69341107454656,2.796858072280884,239.92211303710945
1999_507,1999_507_rbr_w_offset.tif,-525.038330078125,497.267333984375,79.80956364738373,468566,37396048.0,77.54176148539258,67.42294311523438,186.26634216308594
2005_493,2005_493_rbr_w_offset.tif,-86.37493896484375,552.0338745117188,295.5443585602215,4334,1280889.25,136.74554230670594,312.5680847167969,461.1083679199219
2006_898,2006_898_rbr_w_offset.tif,-231.80020141601562,485.97955322265625,134.21628704287517,793,106433.515625,120.00573784395766,113.77405548095703,316.60065307617197
2018_2808,2018_2808_rbr_w_offset.tif,-66.35026550292969,487.4534606933594,181.09036786508526,2698,488581.8125,124.09564893868274,188.233642578125,344.86533508300784
