GID,coniferous,wetland_treed,mixedwood,broadleaf,percent_upland,percent_wetland
2024_646,8.303249097472925,0.24067388688327318,14.801444043321299,0.3610108303249097,99.75932611311674,0.24067388688327318
2024_647,26.029236276849645,0.01491646778042959,63.827565632458224,0,99.97016706443912,0.02983293556085918
2021_1484,2.5257249766136574,0,53.133769878391014,44.1534144059869,100,0
2021_2314,4.575163398692812,0.29708853238265004,53.0600118835413,25.311942959001783,98.03921568627452,1.9607843137254906
2020_358,38.92839424508021,0.23151976186538784,57.84686621465192,0.21498263601786013,99.76848023813464,0.23151976186538784
2020_525,3.9312039312039304,0.0819000819000819,45.945945945945944,38.98443898443899,99.83619983619982,0.1638001638001638
2019_834,51.22448979591837,0,48.775510204081634,0,100,0
2019_1518,1.5655577299412915,0.3913894324853229,67.5146771037182,2.5440313111545985,99.60861056751467,0.3913894324853229
2018_1821,37.25981620718462,0,62.74018379281537,0,100,0
2017_2545,6.806282722513089,0,10.209424083769632,0,100,0
2017_3692,4.469574582660204,0.2692514808831448,55.627355950457726,0,99.73074851911686,0.2692514808831448
2016_693,50.87663372649028,2.9327382849856556,15.39687599617469,0.8606949314631814,92.57252151737329,7.427478482626714
2016_1167,9.868405397044475,0.8947481141279773,33.664897794065155,10.91307141327368,98.83397187254597,1.166028127454013
2015_1984,23.258196721311478,0.05122950819672131,47.95081967213115,0.25614754098360654,97.5922131147541,2.4077868852459017
2014_1657,10.522350577599196,4.4952285283777,25.313912606730288,0,92.01406328478151,7.985936715218484
2014_2246,8.873720136518772,0.11376564277588168,64.50511945392492,2.5597269624573378,99.88623435722413,0.11376564277588168
2014_2247,21.12264763140817,0.42180402336145356,29.785853341985717,0.843608046722907,99.48085658663203,0.5191434133679429
2014_2248,7.254901960784315,0.6862745098039216,90.09803921568628,0,98.82352941176472,1.1764705882352942
2014_2249,3.2584269662921344,0,41.385767790262165,0,100,0
2012_734,55.602240896358545,0.1400560224089636,24.92997198879552,0,99.85994397759103,0.1400560224089636
2012_745,20.057798247990615,0.009030976248532465,65.53779463560011,2.167434299647792,99.90969023751468,0.09030976248532468
2010_558,34.42958166482066,0.11928090653488968,18.599301354690297,0.0426003237624606,99.7869983811877,0.213001618812303
2010_872,38.87788778877888,8.514851485148514,26.072607260726073,0.19801980198019803,90.36303630363037,9.636963696369635
2010_874,64.82982171799027,20.42139384116694,14.100486223662884,0,79.57860615883305,20.42139384116694
2010_884,13.054466230936823,0.40087145969498916,10.684095860566451,0,99.10239651416123,0.89760348583878
2007_362,4.449648711943794,0.117096018735363,11.7096018735363,0,99.0632318501171,0.936768149882904
2007_375,45.855072463768124,0,54.08695652173914,0,100.00000000000001,0
2007_493,2.380952380952381,0,42.857142857142854,30.612244897959183,100,0
2007_867,23.744292237442924,0,60.73059360730593,1.36986301369863,99.99999999999999,0
2007_991,7.988980716253444,0,44.62809917355372,27.27272727272727,99.44903581267218,0.5509641873278237
2006_884,49.88764044943821,0,39.10112359550562,0,100,0
2003_834,4.4585987261146505,0.47770700636942676,71.656050955414,12.10191082802548,98.00955414012739,1.9904458598726116
2003_880,5.639097744360902,0,71.99248120300751,10.902255639097746,100,0
2003_885,0,0,11.834319526627219,2.9585798816568043,100,0
2003_886,92.88702928870293,0,7.1129707112970735,0,100,0
2002_715,3.366839074851176,1.5907094759441787,2.820337659802869,0,96.42822289450572,3.571777105494291
2002_717,63.32500000000001,9.15,8.275000000000002,0,89.77500000000002,10.225000000000001
2001_360,48.32000000000001,0,50.959999999999994,0.4,99.92,0.07999999999999999
2000_431,45.26166593981684,5.719581334496294,15.353249018752727,0.0436109899694723,92.15002180549499,7.849978194505017
2000_451,26.361031518624646,0,58.30945558739254,0,99.7134670487106,0.2865329512893983
2000_531,0.05321979776476849,0,0,1.5965939329430547,99.92904026964698,0.07095973035302466
2000_533,8.556005398110662,0,9.338731443994604,0,100.00000000000001,0
1999_463,76.22300987996782,0.20376363418434618,22.360918477423333,0.03595828838547285,99.62671872056987,0.3732812794301468
1999_468,73.48837209302326,1.5166835187057632,22.507583417593526,0.910010111223458,98.38220424671385,1.6177957532861476
1999_697,0.06683002895967921,0,0,1.3811539318333703,99.82178658944086,0.17821341055914458
1998_843,27.986906710310965,0,63.17512274959084,0,99.50900163666122,0.4909983633387889
1998_844,0,0,0,3.92156862745098,99.96498599439776,0.0350140056022409
1998_846,0.0983906107245766,0,0,2.171621336706726,99.21990301496943,0.7800969850305715
1998_856,44.82815872488792,0.2158392827494604,45.525485638386186,3.569649676241075,99.08683380375228,0.9131661962477171
1995_1298,77.46965452847806,5.826330532212885,5.630252100840336,0,89.71055088702148,10.289449112978524
1995_1324,33.47614967152242,0.1713796058269066,52.69922879177377,10.56840902599257,99.5429877177949,0.4570122822050842
1995_1337,64.66029243348336,0.16778970357152365,29.198071750073236,0.9454816629823951,99.54723413321969,0.45276586678030184
1993_248,0.47605308713214073,0,0,1.3416041546451238,98.51413733410271,1.4858626658972878
1991_9,11.367673179396094,9.946714031971583,10.301953818827709,0.8880994671403198,34.45825932504441,65.5417406749556
1990_1,0.10602009772287269,0,0,1.9498478842076152,98.57103346547433,1.4289665345256757
1989_795,86.8032786885246,0.0819672131147541,6.80327868852459,0,99.8360655737705,0.1639344262295082
1989_1042,0.78125,0,0,0.9510869565217392,99.9320652173913,0.06793478260869565
1988_7,5.086285195277022,3.269754768392371,0.7266121707538602,27.883742052679388,93.55131698455949,6.448683015440509
1987_1,1.6902598774561586,3.0847242763574894,13.944643989013311,7.965349672512147,67.1244453834777,32.87555461652229
1987_2,15.634453112561694,3.964336889030409,7.817226556280847,48.08151568221621,92.64448336252188,7.355516637478109
1987_3,8.22725861533685,6.457621856566282,4.2843837317603235,12.791058677429367,79.26109903756597,20.738900962434023
1987_5,3.7641174572442733,0.04678928686673121,2.7040980961600525,9.280413036463377,95.48241368183285,4.517586318167151
2024_651,81.18161925601751,0.6564551422319476,18.161925601750546,0,99.34354485776805,0.6564551422319476
2023_1614,53.06122448979591,0.272108843537415,40.816326530612244,0,99.72789115646258,0.272108843537415
2023_1627,32.83261802575107,0.10729613733905577,60.94420600858369,0,99.89270386266094,0.10729613733905577
2023_1633,42.666666666666664,0.9999999999999999,54.33333333333332,0.8888888888888888,98.66666666666666,1.3333333333333333
2021_1303,10.590277777777779,0,67.44791666666667,0,100,0
2021_1321,58.15496196709711,2.335043339819565,37.228020520077834,0.008844861135680167,96.67433221298424,3.3256677870157443
2021_1619,56.484962406015036,3.853383458646616,38.15789473684211,0,95.95864661654136,4.041353383458646
2021_1988,40.77025232403719,0.5644090305444887,55.909694555112885,0.9960159362549801,99.02058432934928,0.9794156706507303
2021_2306,6.636155606407322,0,78.94736842105263,11.670480549199084,100,0
2021_2312,74.12844036697247,0,23.48623853211009,0,100,0
2021_2313,10.739130434782608,0.23913043478260868,64.47826086956522,8,98.6086956521739,1.391304347826087
2021_2316,19.20359666024406,0,72.31856133590237,4.752729608220938,100,0
2021_2319,26.174496644295296,5.159395973154363,61.61912751677852,2.139261744966443,91.52684563758388,8.473154362416109
2021_2322,62.039045553145336,0,19.739696312364423,18.22125813449024,100,0
2021_2326,70.73863636363636,3.835227272727273,21.448863636363637,0,94.31818181818181,5.681818181818182
2020_530,60.9271523178808,0,39.0728476821192,0,100,0
2020_532,0,0,0,0,100,0
2019_833,70.33557046979865,5.906040268456375,18.389261744966444,0,88.99328859060402,11.006711409395972
2019_1520,45.3012048192771,0,41.44578313253012,0,100,0
2018_403,45.102147721320065,0,51.23101100052384,3.5620743844944998,99.89523310633841,0.10476689366160294
2018_598,86.78181177299965,1.9739161085653858,10.486429326753614,0,97.63835037010926,2.3616496298907297
2018_802,74.2816091954023,0,25.718390804597703,0,100,0
2018_1731,3.1102733270499527,0.5655042412818096,47.97360980207351,3.8642789820923658,99.43449575871819,0.5655042412818096
2018_2807,7.1065989847715745,0.5076142131979696,59.390862944162436,1.7766497461928936,73.857868020304565,26.142131979695435
2018_2808,55.54896142433235,0.059347181008902086,35.43026706231455,0,99.94065281899111,0.059347181008902086
2018_2810,70.25974025974025,0,25.19480519480519,0,100,0
2018_2811,74.78604344963792,0.3949967083607636,22.18564845292956,0,99.47333772218565,0.5266622778143515
2017_2252,18.932305998899285,3.687396807925151,58.66813428728673,0,96.25756741882223,3.742432581177765
2017_2883,25.342349957734573,0.9298393913778529,37.31191885038038,1.301775147928994,97.41335587489432,2.5866441251056633
2016_1171,31.118044721788866,1.7576703068122725,53.8845553822153,5.865834633385337,98.12792511700468,1.87207488299532
2015_1136,74.54175152749491,0.2715546503733877,23.883231500339445,0,99.59266802443993,0.4073319755600816
2015_1140,87.87096774193549,0,10.967741935483874,0,100,0
2015_1178,48.73756694720734,1.7597551644988525,45.06503442999235,0.1530221882172915,98.1637337413925,1.8362662586074983
2012_724,47.14828897338403,0,19.961977186311792,0,99.61977186311788,0.3802281368821293
2012_776,4.408786415329491,0.015578750584203147,71.64667393675028,6.745599002959963,89.5622371085839,10.437762891416108
2012_1041,4.0358744394618835,0,72.04783258594918,20.777279521674142,99.70104633781764,0.29895366218236175
2012_1043,43.35260115606936,0,54.142581888246625,0,100,0
2011_725,0.529100529100529,0,69.04761904761905,1.0582010582010577,81.48148148148148,18.51851851851852
2011_727,16.510903426791277,0,38.31775700934579,5.14018691588785,100,0
2011_728,54.5045045045045,5.18018018018018,38.73873873873874,0,93.24324324324324,6.756756756756756
2010_546,49.59576912239634,1.7231289420638538,36.209549819017276,0.2167457788759564,97.17796995903505,2.822030040964953
2010_875,1.092896174863388,0,97.81420765027322,1.092896174863388,100,0
2010_876,25.44878563885956,0,12.407602956705386,0,100.00000000000001,0
2007_492,0.3940110323089046,0,61.150512214342,29.235618597320723,100,0
2007_993,13.481675392670155,2.74869109947644,38.35078534031414,0,97.25130890052355,2.74869109947644
2006_659,47.415575465196426,0.27567195037904896,51.974008073249976,0.20675396278428676,99.64556463522695,0.3544353647730629
2006_671,15.240730927005435,0.031403952972580425,37.686706314157284,1.7056271958232738,99.83905474101552,0.16094525898447465
2006_680,13.726190089885455,3.8160755427199273,32.54372586559367,6.671642275367493,94.53872862381154,5.461271376188468
2006_682,16.48993724302099,0.4977277645531271,41.333044795498814,0.9954555291062545,99.35078987232203,0.6492101276779919
2006_686,1.1783841200292107,0.438159729137622,22.585142401911973,5.945030870344553,99.17015202814844,0.8298479718515568
2006_687,4.074074074074073,0,29.81481481481481,0.18518518518518515,99.99999999999999,0
2006_693,12.490001142726545,4.742315163981259,54.999428636727245,8.810421666095305,91.01816935207407,8.981830647925952
2006_698,38.21727019498608,0,61.504178272980504,0.22284122562674097,99.94428969359332,0.05571030640668524
2006_699,13.657056145675266,4.207001203495369,37.172309141332214,1.0779132436816492,95.24357699754069,4.756423002459316
2006_700,1.9020323084940072,3.595622720166753,41.94893173527879,3.126628452318916,95.64877540385618,4.351224596143824
2006_701,38.061408789885604,0.024081878386514145,53.28115593016256,1.7700180614087901,99.9157134256472,0.08428657435279953
2006_703,18.484288354898336,0,81.33086876155268,0,100,0
2006_708,13.51953045942117,0.14167172637117992,48.087431693989075,12.264723740133576,99.3725966403562,0.6274033596437967
2006_709,9.146341463414634,0,70.68089430894308,19.817073170731707,100,0
2006_710,0.238284352660842,0,90.94519459888801,5.003971405877682,100,0
2006_714,10.182767624020888,0,87.98955613577023,1.827676240208877,100,0
2006_723,24.059353471118175,0,46.846846846846844,0.7419183889772124,99.99999999999999,0
2006_724,24.192336589030802,0,73.85424492862509,1.8782870022539442,100,0
2006_725,9.94236311239193,2.44956772334294,84.29394812680115,0.43227665706051865,97.02209414024976,2.9779058597502406
2006_749,0.2564102564102564,0,38.46153846153847,28.333333333333332,100,0
2006_750,0.3436426116838488,0,92.89805269186712,3.5509736540664374,100,0
2006_870,1.8242122719734661,0,97.01492537313433,0.49751243781094534,100,0
2006_871,12.526539278131635,0,83.86411889596603,0.9554140127388533,99.78768577494692,0.21231422505307856
2006_872,59.413580246913575,0,40.277777777777786,0,100,0
2006_873,10.247747747747749,0,67.11711711711712,9.684684684684685,100,0
2006_877,34.78747203579419,0,61.74496644295302,0.05592841163310962,100,0
2006_878,21.19047619047619,0.23809523809523808,76.19047619047619,1.1904761904761905,99.52380952380952,0.47619047619047616
2006_879,18.334985133795836,0,69.6729435084242,11.59563924677899,100.00000000000001,0
2006_880,25.59241706161137,0,71.40600315955766,3.0015797788309637,100,0
2006_881,0.22675736961451248,0,39.002267573696145,23.582766439909296,100,0
2006_883,20.05347593582888,0.4010695187165776,21.12299465240642,7.085561497326205,99.33155080213906,0.6684491978609626
2006_886,61.627906976744185,0,27.07641196013289,3.322259136212625,100,0
2006_898,25.244618395303327,0.5870841487279842,43.639921722113506,0.19569471624266144,97.65166340508807,2.3483365949119372
2005_472,37.92544570502432,5.348460291734198,37.27714748784441,0,94.32739059967587,5.672609400324149
2005_598,9.510869565217392,0,72.28260869565217,4.144021739130435,100,0
2003_735,100,0,0,0,100,0
2003_750,43.56164383561644,0,48.90410958904109,1.4383561643835614,100,0
2003_814,40.48118449768145,0.5319769806769266,38.39890491972594,0.7038791167201355,98.9038586016504,1.096141398349598
2002_641,86.30049155802521,0.2778371446890361,13.186578328702714,0,99.72216285531096,0.2778371446890361
2002_675,20.88607594936709,1.4959723820483315,72.26697353279631,0.5178365937859608,97.8711162255466,2.128883774453395
2002_691,17.62635563740536,0.6220585226110089,61.03130755064456,0.8348680171884593,99.28790669122161,0.7120933087783917
2002_714,25.029603315571343,0.6660746003552398,40.12729425695678,1.5245707519242155,99.11190053285968,0.8880994671403197
2001_314,24.46120689655172,13.14655172413793,45.15086206896552,0,83.29741379310344,16.70258620689655
2001_353,81.34453781512605,0.6722689075630253,4.201680672268908,0,99.32773109243698,0.6722689075630253
1998_714,45.77459513715151,1.5160821560725681,8.09875507483034,0.12134649668169765,96.81353088343246,3.186469116567542
1998_851,62.6228258000176,0.02933153433256093,35.13331182354149,1.067667849705218,99.35177309125041,0.6482269087495967
1998_862,59.67741935483871,0,40,0,100,0
1997_338,83.19273199221284,1.5574302401038287,13.17326411421155,0,96.43088903309538,3.5691109669046073
1996_568,79.39943189503585,3.4075025925424955,13.578159520266919,0,95.42134451508184,4.578655484918166
1996_569,72.68266808115635,5.974008752154887,16.96061530301021,0,92.36838615568227,7.631613844317731
1996_575,75.46923259681635,6.533618436683297,15.71632216678546,0,92.55167498218105,7.448325017818959
1996_585,74.76046021234879,1.6832525618734044,12.53283267359698,0.03606969775443009,97.62957345270246,2.370426547297547
1996_587,52.525497814473056,0.2914035939776591,16.699044843775297,0.036425449247207385,99.40100372349038,0.5989962765096326
1996_588,66.26199543031227,1.1401370906321402,22.332825590251336,0.3236862147753237,98.3876618431074,1.6123381568926125
1996_598,51.39029322548028,0.4297269969666329,19.413549039433768,0.7077856420626896,99.21638018200201,0.7836198179979776
1996_602,72.58694252133311,2.1393495411366925,10.96039285139269,0.07043954274673965,95.88029302849782,4.119706971502174
1996_614,76.04395604395606,3.5604395604395602,16.945054945054945,0.010989010989010988,94.703296703296715,5.2967032967032965
1996_622,63.17743132887899,13.288789903489237,10.46770601336303,0,84.89235337787676,15.107646622123237
1996_625,55.565718467026436,1.3171133266258117,10.271654623616573,0.16921247599012165,96.42367145339797,3.5763285466020305
1996_628,50.244834325113644,1.3679980676752816,13.005862848861465,0.6510616806833404,97.09931709887795,2.900682901122066
1996_630,26.920108066383637,0.01929756850636819,27.82709378618294,0,99.90351215746816,0.09648784253184098
1996_646,40.65720396655649,4.472097997277854,29.45751506902587,0.27221466070386935,94.09877503402686,5.901224965973168
1996_651,37.11666468560561,0.41007963865446334,29.14537026031142,0.21098300249613694,98.61523832164508,1.3847616783549268
1996_654,72.06245676450243,5.043317850907533,14.42500905886616,0.03952959778634252,92.60796521395395,7.392034786046051
1996_656,49.688631041090055,0.6174153715137322,40.79199489035555,1.1975729188843944,98.75186289120715,1.2481371087928463
1996_660,61.30157379838367,2.433007230965547,30.097830710336027,0.11059123777116119,96.16333475116971,3.8366652488302853
1996_665,22.794401810854083,1.5555126152487166,35.837520013250156,0.9661569038811905,97.98211229503673,2.0178877049632864
1996_670,80.44072948328267,1.7553191489361704,13.738601823708205,0.23556231003039513,97.23404255319147,2.7659574468085104
1996_671,15.780461427541455,8.777937995674117,31.3536409516943,1.1085075702956022,89.09516943042537,10.904830569574623
1996_675,27.38970588235294,0.2205882352941176,35.47794117647059,24.816176470588232,99.77941176470588,0.2205882352941176
1995_1106,54.872629319185585,1.08569318912119,41.490161760080944,0.20100365088263844,98.23882515417117,1.761174845828832
1995_1121,20.919674039580908,0.2910360884749709,16.298020954598368,0,99.45285215366705,0.5471478463329453
1995_1165,41.13689948303087,4.885250156821181,36.45605762367243,0,90.29979883627868,9.700201163721314
1995_1180,47.794580970384374,0.5040957781978576,20.825456836798992,0,99.08632640201638,0.9136735979836168
1995_1192,80.7265085559892,1.2909036325427798,13.749624737316122,0,97.56829780846594,2.4317021915340735
1995_1212,70.13452914798206,0.40358744394618834,19.55156950672646,0,99.50672645739911,0.49327354260089684
1995_1220,37.98681491685526,0.3148676571878382,22.55829971465119,0.043294302863327756,99.07704417986815,0.9229558201318508
1995_1226,62.603648424543955,0.24875621890547264,16.728855721393035,0,99.0257048092869,0.9742951907131011
1995_1232,42.440523569470244,3.200451048023349,34.50627929601132,0.34934111612275587,94.0092420624392,5.990757937560804
1995_1235,37.129071170084444,0.31363088057901084,10.20506634499397,0,99.51749095295538,0.4825090470446321
1995_1267,74.47454308093994,1.8929503916449084,12.464099216710181,0.22845953002610964,96.02806788511748,3.9719321148825064
1995_1276,10.263716277659896,0.16368596544407393,42.81903607153682,0.5638072143073657,98.86026068505606,1.1397393149439221
1995_1322,43.74728142670726,0.2827316224445411,28.860374075685087,0.032622879512831666,98.51022183558068,1.4897781644193129
1995_1327,36.63255217379686,0.1042139860513588,52.879245383854844,3.941426395532159,99.7033909627769,0.2966090372230981
1995_1397,60.05179110919293,9.58135520069055,8.87354337505395,0,82.14069917997412,17.8593008200259
1995_1399,4.419321685508735,1.4388489208633093,58.273381294964025,0,97.94450154162384,2.0554984583761557
1992_6,65.8300755021039,3.3344275667233676,26.548091557492015,0.8196802848985842,94.85013976344662,5.149860236553364
1989_1039,41.07918641390205,7.252172195892576,36.81378357030016,0,91.78021327014218,8.219786729857821
1988_9,76.71092951991828,0.40858018386108275,16.853932584269664,0,99.54034729315629,0.45965270684371806
1988_16,42.544566769542584,2.188032613201898,49.25606891151135,2.9112349716707357,97.75669077341195,2.243309226588051
1988_20,1.3794582231434496,0.01429490386677149,10.878421842613111,0.20727610606818672,99.93567293259954,0.06432706740047173
1988_26,74.18179811247862,0.5795021800320106,21.447099729565647,0.022076273525028972,97.41155692919035,2.5884430708096478
1988_30,61.64658634538153,0,17.60374832663989,0,100,0
1988_41,61.11915535444948,1.1975867269984917,31.993966817496233,0.0995475113122172,97.49622926093517,2.5037707390648567
1987_47,59.966740078205774,4.903591172636972,14.526495572834735,0,75.32023911187021,24.679760888129806
2001_357,0.24529844644317253,0,0,3.025347506132461,99.9182338511856,0.08176614881439084
2000_532,26.959247648902824,0,29.153605015673982,23.824451410658302,97.49216300940438,2.507836990595611
1998_737,26.88342823896826,0.8145277511209785,58.5493648622893,3.733252192637819,98.05362642065876,1.946373579341222
1987_8,53.76380978521924,1.7292252796267071,27.66417347148837,0.8200096068071091,93.43306114046524,6.566938859534757
2013_1183,35.72228443449049,0,26.651735722284435,0,98.3202687569989,1.6797312430011198
2003_796,79.36681222707423,5.895196506550218,10.971615720524015,0,93.34061135371178,6.6593886462882095
2003_828,52.456275720164605,1.5174897119341566,38.63168724279836,2.211934156378601,97.5437242798354,2.4562757201646095
2002_669,95.05119453924915,0.08532423208191126,2.5597269624573373,0,99.91467576791808,0.08532423208191126
1999_474,13.268365817091453,0.6746626686656672,39.80509745127436,0.07496251874062969,95.83958020989503,4.160419790104947
1991_23,43.61202850686598,2.1032504780114727,23.77889796627846,0.06952894142186687,96.9754910481488,3.0245089518512085
1987_14,84.8986582928918,0,13.578837187172896,0.18079741174231614,99.89532781425443,0.10467218574555141
1986_17,42.01067115978658,9.267059814658806,39.62370120752598,0,89.75007020499861,10.249929795001407
1986_261,20.47244094488189,0.6947660954145438,61.463640574339976,3.1032885595182953,98.93469198703104,1.0653080129689672
2013_1184,60.36363636363637,0.033057851239669415,19.074380165289252,0,99.96694214876032,0.033057851239669415
2011_495,82.96565840345691,1.7853081646577216,15.123948146463501,0,98.14646349783945,1.8535365021605643
2011_568,56.45046329294369,0,42.05274411974341,0.07127583749109052,99.78617248752673,0.2138275124732716
2011_730,56.20998719590269,0,41.35723431498079,0.12804097311139565,99.87195902688862,0.12804097311139565
2006_681,41.15700100733919,0.4461073535760542,51.94992085192115,0.028781119585551882,99.294862570154,0.7051374298460211
2006_688,24.45916114790287,1.3434247871333964,55.91296121097445,4.232103437401451,98.58088930936611,1.4191106906338695
2006_702,45.308358367202686,0.706838664074925,52.39441597455381,1.2369676621311188,99.25781940272134,0.7421805972786713
2005_463,59.050214091086026,0,10.354223433242504,0,100,0
2003_807,36.076647366969944,7.733664185277089,51.58533223049352,0.46870692031982353,91.17728149986215,8.822718500137855
2003_883,27.701674277016743,0,71.38508371385083,0,100,0
2002_655,89.82863621168298,0.2747053095158501,7.963547041467421,0,99.60029650731822,0.39970349268179245
2002_664,95.79987646695491,0.1852995676343422,3.1500926497838173,0,99.81470043236565,0.1852995676343422
2002_686,60.60553291772599,0.05224114512590117,30.37764543354346,0.6907440299980264,99.66681758553035,0.3331824144696363
2002_689,18.01667659321024,0,57.47468731387732,21.173317450863614,100,0
2002_716,52.61237594862814,0.01459427904261529,40.9369527145359,0.05837711617046118,99.98540572095739,0.01459427904261529
2001_361,76.19047619047619,2,20.761904761904763,0,97.14285714285714,2.857142857142857
1999_698,84.60723274605907,5.338455424559543,9.577427473837595,0.013246787653993898,94.33037488409059,5.6696251159093904
1998_741,23.3695652173913,0.01940993788819875,70.4386645962733,4.425465838509317,99.9805900621118,0.01940993788819875
1998_845,57.03192407247627,0,39.25798101811907,0,100,0
1998_853,63.85737439222042,0,36.03457590491626,0.10804970286331712,100,0
1998_855,59.46222058763434,0.4985493032569163,36.79048669854114,0.4658575456662988,98.49617915083161,1.5038208491684033
1998_859,27.22457627118644,4.4491525423728815,14.583333333333334,2.6129943502824857,93.60875706214689,6.391242937853108
1998_860,83.31428571428572,4,9.6,0,95.31428571428572,4.685714285714286
1996_529,61.70542635658916,0.0516795865633075,27.41602067183463,0.8527131782945738,99.94832041343672,0.0516795865633075
1996_540,77.1817767059897,0.01955289056898911,19.761454735058336,0.0521410415173043,99.7197419018445,0.28025809815551067
1996_561,65.07786394300487,10.339827249227667,20.92764222516445,0.002101590904314566,88.80692684362064,11.19307315637938
1996_579,85.30827346036813,0.3071743431328312,14.001018129649554,0.07867365473835225,99.61704441590594,0.3829555840940381
1996_580,81.27290903032322,3.3155614795068304,10.996334555148284,0,95.81806064645117,4.181939353548817
1996_582,94.47308132875143,0.4868270332187856,3.7800687285223358,0,99.3413516609393,0.65864833906071
1996_583,89.44473870056497,1.7213983050847452,7.462040960451977,0.003531073446327683,97.76129943502823,2.238700564971751
1996_584,82.7115559599636,1.0789028987391136,11.41297283244508,0,98.64812166904979,1.3518783309502147
1996_586,91.48885211635603,1.204058526389131,5.806915171572897,0,98.45627939383382,1.5437206061661732
1996_590,91.39601139601139,1.1680911680911679,4.017094017094017,0,98.34757834757835,1.6524216524216522
1996_600,92.49457700650758,0.13015184381778738,6.941431670281995,0,99.73969631236442,0.26030368763557477
1996_604,84.7818461866927,0.3644792826315709,13.250880697848203,0.3934546230918214,99.48911899714824,0.5108810028517835
1996_627,92.4124513618677,0.09727626459143966,6.795441912173428,0,99.62479155086159,0.3752084491384101
1996_639,71.28978146405107,0.24928940869484184,4.720190112296725,0.0023298075578957163,99.53403848842086,0.4659615115791437
1996_644,48.361809946634374,1.6951432799677115,28.01739988340285,0.09058702183954437,98.06179649311628,1.9382035068837167
1996_650,79.6347188824001,1.3111187449902668,2.255811290507271,0,98.37970914920416,1.6202908507958318
1996_652,65.87255631841619,0.12132241431604487,13.360630876554444,0.47977500206799567,99.27206551410372,0.7279344858962692
1996_659,70.96136330019539,0.030361299463617035,21.723899013647014,0.10976777498384624,99.72129884082115,0.2787011591788436
1996_667,76.9445188957384,2.9348700080407393,15.695523988206913,0.777271508978826,96.26373626373625,3.7362637362637354
1996_668,19.717544812601847,0.16295491580662685,69.09288430200976,8.63661053775122,99.83704508419336,0.16295491580662685
1996_674,93.24253535882661,2.5144054478784703,2.0953378732320593,0,97.43321110529072,2.566788894709272
1996_678,32.683694467982086,5.519912843481419,49.00133155792277,0.25420651252874954,94.14114513981357,5.858854860186418
1996_715,81.28119800332779,3.7160288408208544,13.17249029395452,0,94.45368829728231,5.546311702717693
1996_716,70.05158837903883,20.065164268259565,5.484659245180559,0,78.68585392343198,21.314146076568008
1995_1102,72.29529927602732,0.5710206995003569,20.94082458108154,0,99.1502668162197,0.84973318378029306
1995_1146,85.42726893886777,0.21404487997070304,13.644571847099973,6.314008258722797e-4,99.69629620275542,0.30370379724456686
1995_1241,39.05535804977146,0,16.15033011681056,0,100.00000000000001,0
1995_1250,45.29652351738242,0,15.286298568507158,0,99.94887525562373,0.051124744376278126
1995_1255,27.41452991452991,0.1282051282051282,44.20940170940171,0.02136752136752136,99.35897435897436,0.641025641025641
1995_1271,71.135496183206115,0.7037213740458016,17.294847328244277,0,98.83110687022902,1.1688931297709926
1995_1315,30.96774193548387,0,54.19354838709678,3.8709677419354835,100,0
1995_1317,53.961944480646416,0.24762153004040136,38.36830444415482,0.47569399191971845,99.57643685650983,0.4235631434901602
1995_1400,4.545454545454547,93.18181818181819,2.2727272727272734,0,6.81818181818182,93.18181818181819
1995_1403,81.3610970035551,3.047232097511427,13.306246825799898,0,96.2925342813611,3.707465718638903
1993_8,58.238483708661036,4.1668702066337735,32.216305993844955,0,92.61882663279762,7.381173367202383
1993_10,60.69206772814974,1.212651243305624,34.2454514308383,0.016228789873235113,98.56285049678128,1.4371495032187098
1991_26,92.82686664492991,2.0541245516791653,4.695141832409521,0,97.78284969025107,2.2171503097489405
1991_63,61.78947368421051,0.9473684210526314,34.10526315789473,0,97.7894736842105,2.2105263157894735
1990_11,39.37170078537402,0.3218745976567529,53.22518346852066,0.05149993562508047,99.53650057937428,0.46349942062572425
1989_928,87.61957119296318,0.14293567894447498,11.555799890049478,0,99.69213853765805,0.3078614623419461
1989_965,77.1236012207528,2.7721261444557483,17.98067141403866,0.025432349949135305,96.80824008138353,3.191759918616481
1989_1161,51.962209302325576,9.229651162790695,31.1046511627907,0,84.22965116279069,15.770348837209301
1989_1166,80.84350669207066,0.46338766965398825,17.375861501187874,0.03528332510055748,99.27081128125513,0.7291887187448547
1989_1190,60.04452690166976,4.36734693877551,34.18181818181817,0,94.83487940630798,5.165120593692023
1989_1276,39.475618720901736,2.9486237033406844,53.16507391979089,0.0898472596585804,96.71649105611368,3.2835089438863023
1988_19,78.18280739934713,0.24483133841131668,3.509249183895538,0,99.18389553862895,0.8161044613710554
1988_22,65.89203582667635,0,14.766400387315423,0.02420721374969741,99.87896393125152,0.12103606874848706
1988_47,54.717154121206555,4.290822407628128,36.902906390391486,0.04584211973961675,95.31493536261115,4.685064637388832
1988_60,60.40710823909531,0.03877221324717285,39.22455573505654,0.14216478190630047,99.90306946688206,0.09693053311793212
1987_12,79.03225806451613,4.4205495818399045,12.962962962962962,0.5973715651135006,93.48864994026285,6.511350059737157
1987_17,71.88757585435962,0.11497923985946983,10.523794314915362,0.04471414883423826,99.55605237943149,0.44394762056850845
1987_29,83.6952890076846,2.4390243902439024,12.362178416304712,0,97.36050785165386,2.639492148346141
2012_1753,95,0,2.5,0,97.5,2.5
2012_1782,76.54320987654322,0,23.45679012345679,0,100,0
2007_380,27.738184546136534,2.569392348087022,58.92723180795198,2.175543885971493,96.19279819954988,3.807201800450113
2005_1270,69.1588785046729,0,30.8411214953271,0,100,0
2005_1311,61.53846153846154,0,38.46153846153847,0,100,0
2003_815,23.69699646643109,0.022084805653710248,63.935512367491164,0.044169611307420496,99.3816254416961,0.618374558303887
2002_1204,1.886792452830189,0,98.11320754716981,0,100,0
1999_537,64.45783132530121,3.614457831325301,30.120481927710845,0,95.18072289156628,4.8192771084337345
1999_1125,29.18287937743191,1.9455252918287935,58.754863813229576,0,98.05447470817121,1.9455252918287935
1996_632,19.200000000000003,0,38,0,97.6,2.4000000000000004
1996_653,67.88079470198676,0,31.125827814569533,0.6622516556291391,100,0
1995_1238,91.27906976744187,0,8.72093023255814,0,100.00000000000001,0
1995_1297,51.19836817950025,0,35.339112697603255,0,99.99999999999999,0
1995_1303,33.39856490541421,0,56.03392041748205,0.06523157208088713,98.4344422700587,1.565557729941291
1995_1304,77.35849056603774,0,5.660377358490567,0,100,0
1995_1319,7.142857142857142,0,66.11295681063123,0.24916943521594684,99.66777408637874,0.33222591362126247
1995_1665,86.27450980392157,0,11.76470588235294,0,99.34640522875817,0.6535947712418301
1995_1673,3.655352480417754,0,78.3289817232376,0,100,0
1991_440,82.20211161387631,4.524886877828054,13.273001508295629,0,95.47511312217193,4.524886877828054
1989_1712,62.499999999999986,0,11.795774647887322,0,99.76525821596243,0.23474178403755866
2021_1742,24.161922833649594,0.042167404596247106,72.19059666877504,3.099304237824162,99.95783259540377,0.042167404596247106
2021_2012,43.31614234141309,0.2527075812274368,30.48994326972666,0.4383702939659617,99.49974213512118,0.5002578648788034
2019_768,47.51467006652609,1.5103221693718427,46.08280619166707,0.00817273901175239,98.26084113829907,1.7391588617009097
2005_496,72.0872787155208,0.38699053108275017,17.538081515026764,0,99.10251132153151,0.8974886784685057
1999_507,26.647801045377367,0.47807703831940607,63.895528847754434,1.87502080767054,99.11908646003262,0.8809135399673736
1999_521,17.25150765658765,0.839438944279064,72.58897330159893,2.1005788189110373,98.9302456775072,1.0697543224928143
1995_1398,58.54840616257536,6.107411639544505,27.353323614011586,0.3506836360770716,92.49773434729501,7.502265652704992
1988_21,13.404209196897297,0.046182411098858636,51.857192674904105,0.8774658108783142,97.94111271335802,2.058887286641973
2023_159,77.46388229289187,2.392312642861899,16.493198109229713,0.03328820931626019,97.34582011051685,2.654179889483146
2023_175,39.93235177079188,0,59.78909669717469,0.15917230401910068,100,0
2023_177,58.61861861861861,1.021021021021021,39.6996996996997,0,98.43843843843842,1.5615615615615617
2023_201,66.17174010738191,2.3108398968755175,19.637408642588518,0.16024503890820502,97.04640601717162,2.9535939828283544
2021_297,10.949276163111946,0.05746491325008288,79.39882859984529,2.459940324897779,99.05624930931594,0.9437506906840534
2021_1169,83.05916505391208,3.497373513961847,11.743157312690071,0.373237489632292,96.14321260713298,3.856787392867017
2021_1204,49.93951961292552,1.48608951097287,32.67668913081044,3.853464662173838,98.15102816658026,1.8489718334197336
2021_1353,32.33082706766916,2.3182957393483705,58.27067669172932,0.06265664160401001,95.36340852130324,4.636591478696741
2021_1890,46.689208227669766,0.2770733539964309,44.02179017563633,1.7469709777402083,99.52568798722646,0.4743120127735512
2021_1898,36.110296274567325,0.17600469345849223,56.70284540921091,0,99.76532707538868,0.23467292461132297
2021_2321,37.80778395552026,0.3574265289912629,59.33280381254964,1.4694201747418587,98.96743447180302,1.0325655281969817
2019_748,69.44614175977654,0.1309357541899441,29.536923882681563,0.24659567039106142,99.72721717877094,0.2727828212290503
2018_2101,38.46828412744812,0.10022132208627385,42.70472292980331,0.0020879442101307015,99.29636280118595,0.7036371988140476
2013_929,87.26930571299445,0.5445533551154675,11.002941329006543,0.0022226667555733364,99.23836619175687,0.7616338082431302
2011_455,71.77068214804065,0,26.41509433962264,0,100.00000000000001,0
2011_498,79.74881209985054,0.8655497802663574,18.60039708211569,0.015615588819238406,98.85336962098737,1.1466303790126489
2011_507,58.92158025863091,2.3075097876379167,35.454976865583106,0,97.6213073911496,2.3786926088503972
2011_513,79.11663900909988,0.48780355535309505,15.352389939153355,0.006507662772915102,99.32781266608099,0.6721873339190232
2006_665,10.800526854968535,0.014634860237084725,83.34552905019757,3.6184691936192004,99.9743889945851,0.025611005414898268
2006_676,34.92311043345676,4.250925724243084,31.722936179481593,3.278588542801133,94.29579612284905,5.704203877150947
2006_677,31.701656292857898,0.07384745226289695,21.848296233779934,0.49583289376516515,99.88395400358688,0.11604599641312377
2006_690,42.71138017821917,2.979389157200191,13.509285082647441,0.0272090333990885,95.3404530304061,4.659546969593905
2006_692,4.189526184538654,0,38.902743142144644,15.411471321695764,99.95012468827932,0.049875311720698264
2006_696,53.2319391634981,0.7604562737642586,46.00760456273764,0,99.23954372623574,0.7604562737642586
2006_747,9.491850431447748,0,87.34419942473633,1.1505273250239694,100,0
2006_748,15.889628924833493,0.04757373929590866,83.0161750713606,0,99.95242626070409,0.04757373929590866
2006_751,24.207213749697416,0,71.41128056160737,3.655289276204309,99.97579278625032,0.024207213749697407
2006_874,62.73393002441009,0,31.570382424735556,5.044751830756713,100,0
2005_488,54.072670914413635,0.8423741461454566,19.285632282876993,0.09256070260030996,98.43507835371103,1.5649216462889615
2005_493,77.93409848204368,1.036653091447612,13.772676786375419,0.07404664938911515,97.44539059607551,2.5546094039244722
2005_515,69.86393901379908,6.240149248930488,14.65791759143105,0.019299430666795316,93.51539129595675,6.484608704043229
1998_732,47.64759738917274,0.2126465636905992,31.063380489677776,1.1481437727044508,99.39602469062876,0.6039753093712159
1996_635,44.74605827217903,1.5360023250744748,16.872774831068806,0.08137760662646225,97.61534549153527,2.384654508464724
1996_640,68.93986959671577,1.878773243177976,24.100458826370446,0.03380825887466795,97.7638251630041,2.2361748369958945
1996_657,28.67004397929076,6.125925513555643,26.246172688303737,1.2625953348549794,93.43428157880086,6.565718421199132
1995_1164,52.162226955455345,9.107631877403113,25.502752344333484,0.06131688381142061,89.18471595990889,10.815284040091097
1988_65,70.38816872149563,0.9599511325722284,20.819689243366753,0.023067694016704107,98.4982802325327,1.501719767467335
2015_1153,2.9339853300733507,25.672371638141815,46.45476772616137,0,71.14914425427874,28.85085574572128
1986_11,37.589607198635555,1.3899326271491024,14.933552899559343,0.01786153822695916,96.22685896137332,3.7731410386266657
