YEAR,NFIREID,BASRC,FIREMAPS,FIREMAPM,FIRECAUS,HS_SDATE,HS_EDATE,AG_SDATE,AG_EDATE,CAPDATE,POLY_HA,ADJ_HA,ADJ_FLAG,ADMIN_AREA,NATPARK,PRESCRIBED,VERSION,GID,Shape_Leng,Shape_Area,Start_Date,End_Date
2024,646,Agency,Undefined,Undefined,Human,2024-10-17,2024-10-18,2024-10-17,2024-12-04,,75.1420237123,68.9819360017,true,ON,,,20250506,2024_646,3976.6777319,751340.50321,2024-10-17,2024-10-18
2024,647,Agency,Undefined,Undefined,Human,2024-10-09,2024-10-18,2024-10-10,2024-10-31,,622.561674365,526.745792101,true,ON,,true,20250506,2024_647,35385.2860171,6213460.37125,2024-10-09,2024-10-18
2024,651,Agency,Undefined,Undefined,Natural,2024-10-03,2024-10-04,2024-09-18,2024-12-04,,41.1078608267,38.6265006048,true,ON,,,20250506,2024_651,6240.11155398,413016.715254,2024-10-03,2024-10-04
2023,159,MAFiMS,Landsat,Processed imagery,Natural,2023-06-11,2023-07-07,2023-06-09,2023-09-05,2023-08-08,4107.90145944,4107.90145944,,ON,,,20250506,2023_159,144624.597292,40592544.6052,2023-06-11,2023-07-07
2023,175,MAFiMS,Sentinel-2,Processed imagery,Natural,2023-06-12,2023-06-16,2023-06-09,2023-08-25,2023-07-16,481.258342239,481.258342239,,ON,,,20250506,2023_175,34116.6781542,4735192.6492,2023-06-12,2023-06-16
2023,177,MAFiMS,Sentinel-2,Processed imagery,Natural,2023-06-10,2023-06-12,2023-06-01,2023-07-22,2023-06-30,154.843322795,154.843322795,,ON,,,20250506,2023_177,10258.1973731,1522100.13637,2023-06-10,2023-06-12
2023,201,MAFiMS,Landsat,Processed imagery,Natural,2023-06-11,2023-08-07,2023-06-04,2023-10-05,2023-08-30,15450.5053092,15450.5053092,,ON,,,20250506,2023_201,565982.838037,152537174.294,2023-06-11,2023-08-07
2023,1614,Agency,Undefined,Undefined,Natural,2023-07-02,2023-07-03,2023-06-22,2023-09-07,,68.1501182626,62.7994432214,true,ON,,,20250506,2023_1614,3567.08187852,669801.708389,2023-07-02,2023-07-03
2023,1627,Agency,Undefined,Undefined,Natural,,,2023-06-04,2023-06-29,,85.4137770193,78.0249108633,true,ON,,,20250506,2023_1627,4140.07343328,843692.392495,2023-06-04,2023-06-29
2023,1633,Agency,Undefined,Undefined,Natural,2023-08-02,2023-08-02,2023-08-01,2023-09-06,,81.2639300927,74.3768536142,true,ON,,,20250506,2023_1633,5958.14485654,816067.155358,2023-08-01,2023-09-06
2021,297,MAFiMS,Landsat,Processed imagery,Natural,2021-05-17,2021-05-18,2021-05-15,2021-06-24,2021-10-06,4133.1750473,4133.1750473,,ON,,,20250506,2021_297,107030.548633,40938938.1174,2021-05-17,2021-05-18
2021,1169,MAFiMS,Landsat,Processed imagery,Natural,2021-07-13,2021-08-27,2021-07-10,2021-09-21,2021-09-22,2631.60402682,2631.60402682,,ON,,,20250506,2021_1169,96065.9049232,26066983.3491,2021-07-13,2021-08-27
2021,1204,MAFiMS,Landsat,Processed imagery,Natural,2021-06-09,2021-06-09,2021-06-04,2021-09-02,2021-09-22,521.625020593,521.625020593,,ON,,,20250506,2021_1204,18155.7180873,5220858.42363,2021-06-04,2021-09-02
2021,1303,Agency,Undefined,Undefined,Natural,2021-08-03,2021-08-04,2021-07-28,2021-09-09,,106.879839371,96.7930286451,true,ON,,,20250506,2021_1303,10327.3244819,1066806.04807,2021-08-03,2021-08-04
2021,1321,Agency,Undefined,Undefined,Natural,2021-06-16,2021-06-17,2021-06-04,2021-09-27,,1038.17175987,861.228495876,true,ON,,,20250506,2021_1321,36149.6567389,10294306.8581,2021-06-16,2021-06-17
2021,1353,MAFiMS,Landsat,Processed imagery,Natural,2021-06-07,2021-06-28,2021-06-04,2021-06-26,2021-09-22,144.903887196,144.903887196,,ON,,,20250506,2021_1353,6468.31627695,1446840.84105,2021-06-07,2021-06-28
2021,1484,Agency,Undefined,Undefined,Human,2021-05-18,2021-05-18,2021-05-18,2021-05-29,,96.1207370887,87.4064308435,true,ON,,,20250506,2021_1484,5230.16839903,964964.421115,2021-05-18,2021-05-29
2021,1619,Agency,Undefined,Undefined,Natural,2021-07-21,2021-07-21,2021-07-15,2021-08-16,,97.5226122549,88.6316797595,true,ON,,,20250506,2021_1619,7056.04253183,959396.139363,2021-07-15,2021-08-16
2021,1742,MAFiMS,Landsat,Processed imagery,Human,2021-07-03,2021-07-12,2021-07-02,2021-09-14,2021-09-29,448.093901625,448.093901625,,ON,,,20250506,2021_1742,29647.6611598,4404018.9476,2021-07-03,2021-07-12
2021,1890,MAFiMS,Landsat,Processed imagery,Natural,2021-06-07,2021-06-09,2021-06-04,2021-07-29,2021-09-22,1929.85019887,1929.85019887,,ON,,,20250506,2021_1890,53585.3069599,19279756.4183,2021-06-07,2021-06-09
2021,1898,MAFiMS,Landsat,Processed imagery,Natural,2021-07-20,2021-07-22,2021-07-13,2021-09-21,2021-09-22,315.038743923,315.038743923,,ON,,,20250506,2021_1898,14709.5464585,3097081.97088,2021-07-20,2021-07-22
2021,1988,Agency,Undefined,Undefined,Natural,2021-07-25,2021-08-16,2021-07-20,2021-09-27,,546.614308166,464.814716288,true,ON,,,20250506,2021_1988,12779.2392537,5434156.64277,2021-07-25,2021-08-16
2021,2012,MAFiMS,Landsat,Processed imagery,Human,2021-06-17,2021-07-17,2021-06-17,2021-09-16,2021-09-29,1779.86388297,1779.86388297,,ON,,,20250506,2021_2012,66272.3261006,17555539.6343,2021-06-17,2021-07-17
2021,2306,Agency,Undefined,Undefined,Natural,,,2021-05-14,2021-05-24,,40.1207919555,37.7343851189,true,ON,,,20250506,2021_2306,5261.81443825,397246.603619,2021-05-14,2021-05-24
2021,2312,Agency,Undefined,Undefined,Natural,2021-07-18,2021-07-18,2021-07-17,2021-08-21,,50.0552888654,46.6777980293,true,ON,,,20250506,2021_2312,3021.29991736,491827.267512,2021-07-17,2021-08-21
2021,2313,Agency,Undefined,Undefined,Natural,,,2021-06-04,2021-07-25,,415.501522538,357.081579749,true,ON,,,20250506,2021_2313,20695.3491735,4158680.93935,2021-06-04,2021-07-25
2021,2314,Agency,Undefined,Undefined,Human,,,2021-05-12,2021-05-23,,152.12935874,135.908110033,true,ON,,,20250506,2021_2314,7199.5002448,1525337.0228,2021-05-12,2021-05-23
2021,2316,Agency,Undefined,Undefined,Natural,,,2021-05-15,2021-05-30,,143.098681123,128.14258886,true,ON,,,20250506,2021_2316,7795.2978535,1412643.4555,2021-05-15,2021-05-30
2021,2319,Agency,Undefined,Undefined,Natural,,,2021-06-07,2021-07-21,,226.760609688,199.485272879,true,ON,,,20250506,2021_2319,10539.2723067,2256818.89759,2021-06-07,2021-07-21
2021,2321,MAFiMS,Landsat,Processed imagery,Natural,,,2021-05-16,2021-06-21,2021-10-06,232.049730278,232.049730278,,ON,,,20250506,2021_2321,13847.4608819,2295082.85162,2021-05-16,2021-06-21
2021,2322,Agency,Undefined,Undefined,Natural,,,2021-06-04,2021-07-31,,41.7329223815,39.1910043334,true,ON,,,20250506,2021_2322,3261.10202245,415740.239632,2021-06-04,2021-07-31
2021,2326,Agency,Undefined,Undefined,Natural,,,2021-07-10,2021-07-28,,64.1281576839,59.2321245826,true,ON,,,20250506,2021_2326,3222.37459596,634761.102103,2021-07-10,2021-07-28
2020,358,Agency,Undefined,Undefined,Human,2020-08-10,2020-08-11,2020-08-10,2020-09-04,,557.603446325,473.795318985,true,ON,,,20250506,2020_358,20949.7486103,5496130.85494,2020-08-10,2020-08-11
2020,525,Agency,Undefined,Undefined,Human,,,2020-05-13,2020-05-26,,110.025716926,99.5305416004,true,ON,,,20250506,2020_525,25137.0056231,1103050.39766,2020-05-13,2020-05-26
2020,530,Agency,Undefined,Undefined,Natural,,,2020-06-17,2020-07-06,,39.976912976,37.6042766665,true,ON,,,20250506,2020_530,4173.02002834,391647.337897,2020-06-17,2020-07-06
2020,532,Agency,Undefined,Undefined,Natural,,,2020-06-16,2020-06-25,,70.4734013081,64.8563716439,true,ON,,,20250506,2020_532,4358.97687368,688869.492714,2020-06-16,2020-06-25
2019,748,MAFiMS,Landsat,Processed imagery,Natural,2019-07-03,2019-07-08,2019-06-30,2019-08-28,2020-05-12,33331.7102911,33331.7102911,,ON,,,20250506,2019_748,1159016.50179,327390065.318,2019-07-03,2019-07-08
2019,768,MAFiMS,Landsat,Processed imagery,Human,2019-06-06,2019-07-13,2019-06-06,2019-07-28,2020-05-12,5671.37784274,5671.37784274,,ON,,,20250506,2019_768,234984.605905,55733765.8523,2019-06-06,2019-07-13
2019,833,Agency,Undefined,Undefined,Natural,2019-07-03,2019-07-03,2019-07-03,2019-07-13,,68.5447818501,63.1490486016,true,ON,,,20250506,2019_833,4916.19472053,676801.515457,2019-07-03,2019-07-13
2019,834,Agency,Undefined,Undefined,Human,2019-05-29,2019-08-24,2019-08-23,2019-09-14,,44.8712824918,42.020479802,true,ON,,,20250506,2019_834,6263.01005413,442775.662552,2019-05-29,2019-08-24
2019,1518,Agency,Undefined,Undefined,Human,,,2019-05-11,2019-05-19,,46.367073474,43.3663324151,true,ON,,,20250506,2019_1518,7400.47524906,463702.289535,2019-05-11,2019-05-19
2019,1520,Agency,Undefined,Undefined,Natural,2019-06-30,2019-06-30,2019-06-30,2019-07-10,,39.2116046157,36.9119099425,true,ON,,,20250506,2019_1520,5005.98392042,385461.322422,2019-06-30,2019-07-10
2018,403,Agency,Undefined,Undefined,Natural,,,2018-08-10,2018-09-17,,181.149167742,160.74702319,true,ON,,,20250506,2018_403,7827.64821592,1790855.99607,2018-08-10,2018-09-17
2018,598,Agency,Undefined,Undefined,Natural,,,2018-07-12,2018-09-17,,521.360610922,444.150096834,true,ON,,,20250506,2018_598,25330.4069863,5143302.72342,2018-07-12,2018-09-17
2018,802,Agency,Undefined,Undefined,Natural,2018-07-18,2018-07-21,2018-07-14,2018-08-14,,323.577256147,280.778004464,true,ON,,,20250506,2018_802,10188.0282701,3196919.75725,2018-07-18,2018-07-21
2018,1731,Agency,Undefined,Undefined,Natural,2018-07-18,2018-07-18,2018-07-15,2018-08-17,,97.3711034121,88.4992928765,true,ON,,,20250506,2018_1731,6937.13699312,956695.085432,2018-07-15,2018-08-17
2018,1821,Agency,Undefined,Undefined,Human,2018-07-18,2018-07-18,2018-07-18,2018-08-05,,109.731615832,99.2747469167,true,ON,,,20250506,2018_1821,7724.69600243,1080085.08287,2018-07-18,2018-08-05
2018,2101,MAFiMS,Landsat,Processed imagery,Natural,2018-07-13,2018-07-19,2018-07-13,2018-09-13,2019-05-17,5496.73595241,5496.73595241,,ON,,,20250506,2018_2101,223355.631543,53949288.9242,2018-07-13,2018-07-19
2018,2807,Agency,Undefined,Undefined,Natural,,,2018-07-16,2018-08-28,,46.5536954174,43.5341286978,true,ON,,,20250506,2018_2807,4785.40879222,460644.292226,2018-07-16,2018-08-28
2018,2808,Agency,Undefined,Undefined,Natural,2018-09-06,2018-09-08,2018-09-06,2018-09-24,,153.903451447,137.431536916,true,ON,,,20250506,2018_2808,7346.76938719,1519891.9767,2018-09-06,2018-09-08
2018,2810,Agency,Undefined,Undefined,Natural,,,2018-06-13,2018-06-27,,70.7799484145,65.127577174,true,ON,,,20250506,2018_2810,6265.50069229,695431.445681,2018-06-13,2018-06-27
2018,2811,Agency,Undefined,Undefined,Natural,,,2018-06-28,2018-07-07,,141.587097446,126.840953979,true,ON,,,20250506,2018_2811,6428.20383944,1388099.93582,2018-06-28,2018-07-07
2017,2252,Agency,Undefined,Undefined,Natural,,,2017-07-29,2017-09-19,,166.976103075,148.636742647,true,ON,,,20250506,2017_2252,10588.973246,1643959.94319,2017-07-29,2017-09-19
2017,2545,Agency,Undefined,Undefined,Human,2017-10-13,2017-10-13,2017-10-13,2017-11-02,,209.145711148,184.564124057,true,ON,,,20250506,2017_2545,13092.8298698,2066094.08493,2017-10-13,2017-11-02
2017,2883,Agency,Undefined,Undefined,Natural,2017-08-12,2017-08-14,2017-08-07,2017-09-19,,543.560600994,462.317917998,true,ON,,,20250506,2017_2883,11114.8719194,5431691.12941,2017-08-12,2017-08-14
2017,3692,Agency,Undefined,Undefined,Human,2017-10-20,2017-10-20,2017-10-20,2017-10-30,,168.78090748,150.18100847,true,ON,,,20250506,2017_3692,6235.38246036,1687533.32132,2017-10-20,2017-10-30
2016,693,Agency,Undefined,Undefined,Human,2016-05-25,2016-05-25,2016-05-23,2016-06-05,,286.882069955,250.095331395,true,ON,,,20250506,2016_693,11005.2916426,2852245.04218,2016-05-23,2016-06-05
2016,1167,Agency,Undefined,Undefined,Human,2016-10-03,2016-10-06,2016-10-03,2016-10-03,,3799.36883984,2997.91609519,true,ON,,,20250506,2016_1167,325212.877645,37838953.9309,2016-10-03,2016-10-06
2016,1171,Agency,Undefined,Undefined,Natural,,,2016-05-22,2016-06-21,,868.144925817,725.168081076,true,ON,,,20250506,2016_1171,37676.1281619,8668202.58279,2016-05-22,2016-06-21
2015,1136,Agency,Undefined,Undefined,Natural,2015-05-26,2015-05-27,2015-05-26,2015-06-29,,680.776839992,574.017922961,true,ON,,,20250506,2015_1136,21545.78766,6681481.27956,2015-05-26,2015-05-27
2015,1140,Agency,Undefined,Undefined,Natural,,,2015-05-26,2015-07-23,,147.049407199,131.542095318,true,ON,,,20250506,2015_1140,9710.96433992,1444079.94319,2015-05-26,2015-07-23
2015,1153,MAFiMS,Landsat,Processed imagery,Undetermined,2015-07-14,2015-08-14,,,2015-09-15,37.7016531068,37.7016531068,,ON,,,20250506,2015_1153,5291.74204009,371725.480251,2015-07-14,2015-08-14
2015,1178,Agency,Undefined,Undefined,Natural,2015-07-10,2015-07-14,2015-07-10,2015-07-31,,119.398221054,107.668846727,true,ON,,,20250506,2015_1178,8883.73357113,1179611.85736,2015-07-10,2015-07-14
2015,1984,Agency,Undefined,Undefined,Human,2015-05-23,2015-05-23,2015-05-23,2015-06-10,,177.671061465,157.778628347,true,ON,,,20250506,2015_1984,9578.08877381,1767509.67948,2015-05-23,2015-06-10
2014,1657,Agency,Undefined,Undefined,Human,2014-10-26,2014-10-26,2014-10-26,2014-11-19,,363.312326595,313.851532412,true,ON,,,20250506,2014_1657,14714.8991202,3588698.75539,2014-10-26,2014-11-19
2014,2246,Agency,Undefined,Undefined,Human,,,2014-09-27,2014-11-19,,160.301960986,142.920415012,true,ON,,,20250506,2014_2246,18576.6432536,1584977.89714,2014-09-27,2014-11-19
2014,2247,Agency,Undefined,Undefined,Human,,,2014-10-25,2014-11-19,,281.294135603,245.410132222,true,ON,,,20250506,2014_2247,20467.811374,2777254.95587,2014-10-25,2014-11-19
2014,2248,Agency,Undefined,Undefined,Human,,,2014-06-04,2014-06-30,,93.3818507992,85.0106247383,true,ON,,,20250506,2014_2248,4507.86034541,920867.245034,2014-06-04,2014-06-30
2014,2249,Agency,Undefined,Undefined,Human,,,2014-09-27,2014-11-17,,246.686966853,216.310696218,true,ON,,,20250506,2014_2249,11371.127193,2427802.96214,2014-09-27,2014-11-17
2013,929,MAFiMS,Landsat,Processed imagery,Natural,2013-07-03,2013-07-15,2013-07-02,2013-09-08,2013-09-21,15749.7610904,15749.7610904,,ON,,,20250506,2013_929,551457.867613,154701335.189,2013-07-03,2013-07-15
2013,1183,C2C,Landsat,Processed imagery,Human,,,2013-06-07,2013-06-20,,81.4188374656,81.4188374656,,ON,,,20250506,2013_1183,5728.10009153,806400.371813,2013-06-07,2013-06-20
2013,1184,C2C,Landsat,Processed imagery,Natural,,,2013-07-02,2013-08-08,,277.474237514,277.474237514,,ON,,,20250506,2013_1184,48322.0646673,2727553.69479,2013-07-02,2013-08-08
2012,724,Agency,Undefined,Undefined,Natural,,,2012-07-11,2012-07-30,,48.8224636297,45.5719885708,true,ON,,,20250506,2012_724,2856.63237363,481282.312595,2012-07-11,2012-07-30
2012,734,Agency,Undefined,Buffered points,Human,2012-07-12,2012-07-14,2012-07-12,2012-07-26,,65.3133631696,60.2842283947,true,ON,,,20250506,2012_734,2844.98432782,644000.767875,2012-07-12,2012-07-14
2012,745,Agency,Undefined,Buffered points,Human,2012-09-17,2012-10-01,2012-09-29,2012-11-05,,1213.60166449,1000.71157373,true,ON,,,20250506,2012_745,12280.4933561,12000714.0346,2012-09-17,2012-10-01
2012,776,Agency,Undefined,Undefined,Natural,2012-05-17,2012-05-17,2012-05-15,2012-06-10,,584.705682081,495.915057043,true,ON,,,20250506,2012_776,17150.0558505,5829376.86517,2012-05-15,2012-06-10
2012,1041,Agency,Undefined,Undefined,Natural,,,2012-09-07,2012-10-24,,62.6295230066,57.9007140429,true,ON,,,20250506,2012_1041,5001.02634547,623776.873614,2012-09-07,2012-10-24
2012,1043,Agency,Undefined,Undefined,Natural,,,2012-08-06,2012-09-10,,52.5607885867,48.9219513939,true,ON,,,20250506,2012_1043,4081.3187092,520443.035293,2012-08-06,2012-09-10
2012,1753,C2C,Landsat,Processed imagery,Undetermined,2012-07-13,2012-07-13,,,,3.82332786014,3.82332786014,,ON,,,20250506,2012_1753,982.134072073,37882.2723247,2012-07-13,2012-07-13
2012,1782,C2C,Landsat,Processed imagery,Undetermined,2012-06-06,2012-06-06,,,,7.4325097645,7.4325097645,,ON,,,20250506,2012_1782,1426.62340017,73423.9132537,2012-06-06,2012-06-06
2011,455,MAFiMS,Landsat,Processed imagery,Natural,2011-07-19,2011-07-19,2011-07-20,2011-08-06,2011-09-25,263.497579824,263.497579824,,ON,,,20250506,2011_455,13873.8785881,2575663.38632,2011-07-20,2011-08-06
2011,495,C2C,Landsat,Processed imagery,Natural,2011-07-17,2011-07-20,2011-07-04,2011-09-03,,3670.5835719,3670.5835719,,ON,,,20250506,2011_495,219274.935794,36047567.8923,2011-07-17,2011-07-20
2011,498,MAFiMS,Landsat,Processed imagery,Natural,2011-07-06,2011-07-20,2011-07-04,2011-10-20,2011-09-27,16779.3834674,16779.3834674,,ON,,,20250506,2011_498,569323.238313,164829597.434,2011-07-06,2011-07-20
2011,507,MAFiMS,Landsat,Processed imagery,Natural,2011-07-14,2011-07-20,2011-07-09,2011-09-27,2011-10-06,3852.16834424,3852.16834424,,ON,,,20250506,2011_507,231423.919409,37909603.9436,2011-07-14,2011-07-20
2011,513,MAFiMS,Landsat,Processed imagery,Natural,2011-07-11,2011-08-02,2011-07-10,2011-12-06,2011-09-27,35322.6281879,35322.6281879,,ON,,,20250506,2011_513,1382327.76605,347603650.915,2011-07-11,2011-08-02
2011,568,C2C,Landsat,Processed imagery,Natural,2011-07-31,2011-08-01,2011-07-25,2011-09-11,,126.928248099,126.928248099,,ON,,,20250506,2011_568,12676.2076372,1265190.50808,2011-07-31,2011-08-01
2011,725,Agency,Landsat,Manually delineated,Natural,2011-08-17,2011-08-17,2011-08-11,2011-08-30,,34.2942050835,34.2942050835,,ON,,,20250506,2011_725,4214.0918526,342084.363342,2011-08-11,2011-08-30
2011,727,Agency,Landsat,Manually delineated,Natural,,,2011-06-07,2011-06-29,,58.1693682334,58.1693682334,,ON,,,20250506,2011_727,3138.82076955,580770.833231,2011-06-07,2011-06-29
2011,728,Agency,Ground survey,Direct from GPS,Natural,2011-07-16,2011-07-16,2011-07-09,2011-08-22,,40.5953899537,38.1634325007,true,ON,,,20250506,2011_728,4526.70758041,402231.758893,2011-07-09,2011-08-22
2011,730,C2C,Landsat,Processed imagery,Natural,2011-06-15,2011-06-15,2011-06-07,2011-07-09,,71.4034520089,71.4034520089,,ON,,,20250506,2011_730,10498.9629394,706292.500868,2011-06-07,2011-07-09
2010,546,Agency,Ground survey,Direct from GPS,Natural,2010-05-25,2010-05-27,2010-05-25,2010-06-16,,4419.78198291,3467.1621468,true,ON,,,20250506,2010_546,66792.2728143,43264932.9225,2010-05-25,2010-05-27
2010,558,Agency,Ground survey,Direct from GPS,Human,2010-05-18,2010-05-20,2010-05-18,2010-06-09,,1077.71550088,892.74384291,true,ON,,,20250506,2010_558,36248.8169951,10618049.7054,2010-05-18,2010-05-20
2010,872,Agency,Ground survey,Direct from GPS,Human,,,2010-10-15,2010-11-15,,139.91632678,125.401617843,true,ON,,true,20250506,2010_872,8826.22243201,1397106.54729,2010-10-15,2010-11-15
2010,874,Agency,Ground survey,Direct from GPS,Human,,,2010-06-18,2010-06-27,,56.2997222568,52.263268531,true,ON,,,20250506,2010_874,4231.39207684,557738.232674,2010-06-18,2010-06-27
2010,875,Agency,Ground survey,Direct from GPS,Natural,,,2010-05-18,2010-05-27,,50.2670898276,46.8676710287,true,ON,,,20250506,2010_875,4003.78578843,495936.920839,2010-05-18,2010-05-27
2010,876,Agency,Ground survey,Direct from GPS,Natural,2010-08-23,2010-08-23,2010-08-22,2010-09-03,,174.266956953,154.871218589,true,ON,,,20250506,2010_876,8031.92861465,1707362.6841,2010-08-22,2010-09-03
2010,884,Agency,Ground survey,Direct from GPS,Human,2010-10-16,2010-10-16,2010-10-15,2010-10-23,,1077.00468214,892.177737337,true,ON,,true,20250506,2010_884,63418.7779273,10585891.8462,2010-10-15,2010-10-23
2007,362,Agency,Ground survey,Direct from GPS,Human,2007-07-24,2007-07-25,2007-07-24,2007-08-03,,77.9088661432,71.422231652,true,ON,,,20250506,2007_362,3422.70682527,770098.224136,2007-07-24,2007-07-25
2007,375,Agency,Ground survey,Direct from GPS,Human,,,2007-08-02,2007-08-30,,164.903264768,146.862340582,true,ON,,,20250506,2007_375,14060.7663979,1643544.42909,2007-08-02,2007-08-30
2007,380,C2C,Landsat,Processed imagery,Undetermined,2007-05-13,2007-06-15,2007-05-13,2007-06-14,,480.424104733,480.424104733,,ON,,,20250506,2007_380,51124.4643675,4809234.30794,2007-05-13,2007-06-15
2007,492,Agency,Ground survey,Direct from GPS,Natural,,,2007-05-10,2007-06-04,,114.297806298,103.243256662,true,ON,,,20250506,2007_492,9524.76077761,1143347.83688,2007-05-10,2007-06-04
2007,493,Agency,Ground survey,Direct from GPS,Human,2007-05-08,2007-05-08,2007-05-08,2007-05-17,,26.6852512722,25.4960348943,true,ON,,,20250506,2007_493,3239.51926618,267490.988017,2007-05-08,2007-05-17
2007,867,Agency,Ground survey,Direct from GPS,Human,,,2007-04-29,2007-05-06,,39.9248418409,37.557184763,true,ON,,,20250506,2007_867,3135.46366376,396802.385569,2007-04-29,2007-05-06
2007,991,Agency,Ground survey,Direct from GPS,Human,,,2007-05-05,2007-05-15,,65.8123021001,60.7269141061,true,ON,,,20250506,2007_991,5186.79048202,655810.237133,2007-05-05,2007-05-15
2007,993,Agency,Ground survey,Direct from GPS,Natural,2007-06-13,2007-06-15,2007-06-12,2007-06-30,,69.6367043326,64.1159045026,true,ON,,,20250506,2007_993,5647.43490527,688847.51402,2007-06-13,2007-06-15
2006,659,Agency,Ground survey,Direct from GPS,Natural,2006-09-11,2006-09-15,2006-09-08,2006-10-20,,931.388762017,775.888051406,true,ON,,,20250506,2006_659,23214.0868679,9232696.97423,2006-09-11,2006-09-15
2006,665,MAFiMS,Landsat,Processed imagery,Natural,2006-09-08,2006-09-16,2006-09-07,2006-10-16,2007-08-08,2487.61736851,2487.61736851,,ON,,,20250506,2006_665,117033.618859,24700810.8383,2006-09-08,2006-09-16
2006,671,Agency,Ground survey,Direct from GPS,Natural,2006-09-12,2006-10-08,2006-09-07,2006-11-20,,4692.24461406,3672.41273766,true,ON,,,20250506,2006_671,105114.015866,46819888.1032,2006-09-12,2006-10-08
2006,676,MAFiMS,Landsat,Processed imagery,Natural,2006-09-09,2006-09-16,2006-09-07,2006-11-03,2007-08-08,10471.8579867,10471.8579867,,ON,,,20250506,2006_676,362804.095405,104290489.844,2006-09-09,2006-09-16
2006,677,MAFiMS,Landsat,Processed imagery,Natural,2006-09-14,2006-09-16,2006-09-07,2006-10-16,2007-08-08,860.281057562,860.281057562,,ON,,,20250506,2006_677,42467.9120694,8564417.52061,2006-09-14,2006-09-16
2006,680,Agency,Ground survey,Direct from GPS,Natural,2006-09-14,2006-10-08,2006-09-07,2006-11-03,,2785.56285824,2224.44851319,true,ON,,,20250506,2006_680,51036.1106515,27751222.4568,2006-09-14,2006-10-08
2006,681,C2C,Landsat,Processed imagery,Natural,2006-09-11,2006-10-08,2006-09-07,2006-11-01,,629.55747127,629.55747127,,ON,,,20250506,2006_681,89111.950005,6281833.148,2006-09-11,2006-10-08
2006,682,Agency,Aerial survey,Manually delineated,Natural,2006-09-14,2006-09-15,2006-09-08,2006-10-16,,418.791457552,359.79943471,true,ON,,,20250506,2006_682,15713.2713508,4173582.03223,2006-09-14,2006-09-15
2006,686,Agency,Ground survey,Direct from GPS,Natural,2006-09-11,2006-09-15,2006-09-08,2006-10-20,,2728.13713688,2180.34226691,true,ON,,,20250506,2006_686,45763.0947724,27202567.017,2006-09-11,2006-09-15
2006,687,Agency,Ground survey,Direct from GPS,Natural,2006-09-15,2006-09-15,2006-09-14,2006-10-12,,48.9325558795,45.6707816345,true,ON,,,20250506,2006_687,2525.60486174,488272.544061,2006-09-14,2006-10-12
2006,688,C2C,Landsat,Processed imagery,Natural,2006-09-14,2006-09-16,2006-09-07,2006-11-02,,1432.17477259,1432.17477259,,ON,,,20250506,2006_688,95659.7129537,14280028.3414,2006-09-14,2006-09-16
2006,690,MAFiMS,Landsat,Processed imagery,Natural,2006-09-12,2006-09-15,2006-09-08,2006-11-02,2007-08-08,1341.38186812,1341.38186812,,ON,,,20250506,2006_690,79276.1154738,13369186.3118,2006-09-12,2006-09-15
2006,692,MAFiMS,Landsat,Processed imagery,Natural,2006-09-11,2006-09-14,2006-09-07,2006-10-20,2007-08-08,181.335058958,181.335058958,,ON,,,20250506,2006_692,21980.4031587,1808089.85357,2006-09-11,2006-09-14
2006,693,Agency,Ground survey,Direct from GPS,Natural,2006-09-13,2006-09-15,2006-09-07,2006-10-27,,794.270264498,665.740699431,true,ON,,,20250506,2006_693,18353.0973417,7917287.80726,2006-09-13,2006-09-15
2006,696,MAFiMS,Landsat,Processed imagery,Natural,2006-09-14,2006-09-14,2006-09-08,2006-10-19,2007-08-08,125.550676879,125.550676879,,ON,,,20250506,2006_696,7819.7216209,1251852.53073,2006-09-08,2006-10-19
2006,698,Agency,Ground survey,Direct from GPS,Natural,2006-09-14,2006-09-15,2006-09-07,2006-10-17,,162.711255713,144.984988568,true,ON,,,20250506,2006_698,7672.67158901,1625826.32706,2006-09-14,2006-09-15
2006,699,Agency,Ground survey,Direct from GPS,Natural,2006-09-14,2006-09-16,2006-09-08,2006-11-20,,1725.76770901,1403.83159076,true,ON,,,20250506,2006_699,36558.4439207,17231756.7463,2006-09-14,2006-09-16
2006,700,Agency,Ground survey,Direct from GPS,Natural,2006-09-13,2006-09-15,2006-09-08,2006-10-27,,348.825574208,301.810488713,true,ON,,,20250506,2006_700,10643.5595875,3483318.47349,2006-09-13,2006-09-15
2006,701,Agency,Ground survey,Direct from GPS,Natural,2006-09-13,2006-09-15,2006-09-07,2006-10-26,,759.306675857,637.541451225,true,ON,,,20250506,2006_701,16137.2328623,7590022.56475,2006-09-13,2006-09-15
2006,702,C2C,Landsat,Processed imagery,Natural,2006-09-13,2006-09-15,2006-09-11,2006-10-26,,511.087576463,511.087576463,,ON,,,20250506,2006_702,27512.5630079,5108866.97675,2006-09-13,2006-09-15
2006,703,Agency,Ground survey,Direct from GPS,Natural,2006-09-14,2006-09-15,2006-09-07,2006-10-26,,49.1261520993,45.8444875498,true,ON,,,20250506,2006_703,4429.31681223,491340.525505,2006-09-14,2006-09-15
2006,708,Agency,Ground survey,Direct from GPS,Natural,2006-09-10,2006-09-15,2006-09-08,2006-10-27,,448.144915232,384.012976726,true,ON,,,20250506,2006_708,22640.6935809,4480306.51451,2006-09-10,2006-09-15
2006,709,Agency,Ground survey,Direct from GPS,Natural,2006-09-14,2006-09-16,2006-09-08,2006-11-02,,177.383707837,157.533286279,true,ON,,,20250506,2006_709,12613.7663069,1773160.07559,2006-09-14,2006-09-16
2006,710,Agency,Ground survey,Direct from GPS,Natural,2006-09-13,2006-09-15,2006-09-07,2006-10-26,,113.501484776,102.551615129,true,ON,,,20250506,2006_710,7149.60017052,1135793.80668,2006-09-13,2006-09-15
2006,714,Agency,Aerial survey,Manually delineated,Natural,2006-09-14,2006-09-14,2006-09-09,2006-10-12,,34.5489169626,32.6819396082,true,ON,,,20250506,2006_714,2563.02110119,345548.561752,2006-09-09,2006-10-12
2006,723,Agency,Ground survey,Direct from GPS,Natural,2006-09-14,2006-09-16,2006-09-07,2006-10-26,,170.507633372,151.657870653,true,ON,,,20250506,2006_723,8775.49909461,1700517.50493,2006-09-14,2006-09-16
2006,724,Agency,Ground survey,Direct from GPS,Natural,2006-09-14,2006-09-14,2006-09-07,2006-10-26,,120.837192987,108.916098848,true,ON,,,20250506,2006_724,5475.26164175,1207365.98869,2006-09-07,2006-10-26
2006,725,Agency,Ground survey,Direct from GPS,Natural,2006-09-13,2006-09-15,2006-09-07,2006-10-26,,188.565372674,167.069106521,true,ON,,,20250506,2006_725,8884.68532409,1882064.92412,2006-09-13,2006-09-15
2006,747,MAFiMS,Landsat,Processed imagery,Natural,2006-09-14,2006-09-15,2006-09-12,2006-10-13,2007-08-08,95.3618409834,95.3618409834,,ON,,,20250506,2006_747,8280.00124009,949285.855233,2006-09-14,2006-09-15
2006,748,MAFiMS,Landsat,Processed imagery,Natural,2006-09-15,2006-09-16,2006-09-10,2006-10-13,2007-08-08,194.06808204,194.06808204,,ON,,,20250506,2006_748,16112.2833078,1932280.44669,2006-09-15,2006-09-16
2006,749,Agency,Ground survey,Direct from GPS,Natural,2006-09-14,2006-09-15,2006-09-08,2006-10-01,,70.5492492951,64.9234794062,true,ON,,,20250506,2006_749,3942.16004662,705004.791297,2006-09-14,2006-09-15
2006,750,Agency,Ground survey,Direct from GPS,Natural,2006-09-12,2006-09-15,2006-09-07,2006-10-17,,78.8503865845,72.2518641087,true,ON,,,20250506,2006_750,5561.3926238,786930.138235,2006-09-12,2006-09-15
2006,751,MAFiMS,Landsat,Processed imagery,Natural,2006-09-09,2006-09-13,2006-09-07,2006-10-16,2007-08-08,378.021596411,378.021596411,,ON,,,20250506,2006_751,17830.6920384,3752065.94523,2006-09-09,2006-09-13
2006,870,Agency,Ground survey,Direct from GPS,Natural,2006-09-13,2006-09-14,2006-09-08,2006-09-12,,54.3604363267,50.5313219942,true,ON,,,20250506,2006_870,4027.8899419,543944.675742,2006-09-13,2006-09-14
2006,871,Agency,Ground survey,Direct from GPS,Natural,2006-09-13,2006-09-14,2006-09-07,2006-10-12,,85.7777864956,78.3445740938,true,ON,,,20250506,2006_871,4187.53361966,857794.953924,2006-09-13,2006-09-14
2006,872,Agency,Ground survey,Direct from GPS,Natural,,,2006-09-07,2006-10-26,,58.973552447,54.6474686702,true,ON,,,20250506,2006_872,5049.93430401,589712.311351,2006-09-07,2006-10-26
2006,873,Agency,Ground survey,Direct from GPS,Natural,2006-09-14,2006-09-15,2006-09-07,2006-10-13,,80.2470777169,73.4818733163,true,ON,,,20250506,2006_873,4228.13439821,801344.418596,2006-09-14,2006-09-15
2006,874,MAFiMS,Landsat,Processed imagery,Natural,2006-09-14,2006-09-15,2006-09-13,2006-10-13,2007-08-08,111.121463044,111.121463044,,ON,,,20250506,2006_874,9653.79418482,1109521.48894,2006-09-14,2006-09-15
2006,877,Agency,Ground survey,Direct from GPS,Natural,,,2006-09-09,2006-10-26,,163.260500585,145.455481928,true,ON,,,20250506,2006_877,7528.22881325,1628793.52289,2006-09-09,2006-10-26
2006,878,Agency,Ground survey,Direct from GPS,Natural,,,2006-07-18,2006-08-04,,38.5938182973,36.3526249019,true,ON,,,20250506,2006_878,4360.05781836,384766.523535,2006-07-18,2006-08-04
2006,879,Agency,Ground survey,Direct from GPS,Natural,,,2006-09-07,2006-10-20,,100.184896099,90.9566727309,true,ON,,,20250506,2006_879,4367.92263904,998405.222295,2006-09-07,2006-10-20
2006,880,Agency,Ground survey,Direct from GPS,Natural,2006-09-15,2006-09-15,2006-09-07,2006-10-26,,57.3226127866,53.175864316,true,ON,,,20250506,2006_880,4163.50807391,571106.92631,2006-09-07,2006-10-26
2006,881,Agency,Ground survey,Direct from GPS,Natural,2006-09-15,2006-09-15,2006-09-09,2006-10-12,,39.9630418656,37.5917321936,true,ON,,,20250506,2006_881,3188.60224711,398028.740905,2006-09-09,2006-10-12
2006,883,Agency,Other sources,Buffered points,Natural,,,2006-08-06,2006-08-25,,68.7006279351,63.2870805351,true,ON,,,20250506,2006_883,2929.05769731,680991.243733,2006-08-06,2006-08-25
2006,884,Agency,Other sources,Buffered points,Human,,,2006-08-30,2006-09-15,,48.765509656,45.5208766272,true,ON,,,20250506,2006_884,2467.54219975,483297.837479,2006-08-30,2006-09-15
2006,886,Agency,Ground survey,Direct from GPS,Natural,,,2006-07-15,2006-08-03,,55.127925623,51.2170353546,true,ON,,,20250506,2006_886,4746.60202786,544238.1655,2006-07-15,2006-08-03
2006,898,Agency,Ground survey,Direct from GPS,Natural,,,2006-09-07,2006-09-24,,46.8016034882,43.7569886943,true,ON,,,20250506,2006_898,5213.01413069,467388.711846,2006-09-07,2006-09-24
2005,463,C2C,Landsat,Processed imagery,Natural,2005-08-10,2005-08-10,2005-08-07,2005-08-31,,235.853367233,235.853367233,,ON,,,20250506,2005_463,21118.8161263,2316812.59086,2005-08-07,2005-08-31
2005,472,Agency,Ground survey,Direct from GPS,Natural,2005-08-08,2005-08-08,2005-08-08,2005-08-20,,56.6788029204,52.6015482446,true,ON,,,20250506,2005_472,3702.15283584,557980.305582,2005-08-08,2005-08-20
2005,488,MAFiMS,Landsat,Processed imagery,Natural,2005-06-20,2005-07-09,2005-06-19,2005-08-28,2006-06-11,12760.3884863,12760.3884863,,ON,,,20250506,2005_488,435547.759747,126150589.016,2005-06-20,2005-07-09
2005,493,MAFiMS,Landsat,Processed imagery,Natural,2005-07-24,2005-07-25,2005-07-23,2005-09-17,2006-06-11,429.572301146,429.572301146,,ON,,,20250506,2005_493,29681.6973567,4245826.10208,2005-07-24,2005-07-25
2005,496,MAFiMS,Landsat,Processed imagery,Human,2005-07-25,2005-07-27,2005-07-23,2005-09-03,2006-06-11,1104.03373954,1104.03373954,,ON,,,20250506,2005_496,45949.5049047,10935819.2853,2005-07-25,2005-07-27
2005,515,MAFiMS,Landsat,Processed imagery,Natural,2005-08-06,2005-08-10,2005-08-03,2005-09-26,2007-08-08,2823.62324317,2823.62324317,,ON,,,20250506,2005_515,220928.188104,28152670.2389,2005-08-06,2005-08-10
2005,598,Agency,Ground survey,Direct from GPS,Natural,2005-07-25,2005-07-25,2005-07-24,2005-08-27,,132.861785796,119.316855477,true,ON,,,20250506,2005_598,7534.82190437,1327963.28315,2005-07-24,2005-08-27
2005,1270,C2C,Landsat,Processed imagery,Undetermined,2005-06-20,2005-06-20,,,,9.79289849185,9.79289849185,,ON,,,20250506,2005_1270,1711.65580343,97318.884699,2005-06-20,2005-06-20
2005,1311,C2C,Landsat,Processed imagery,Undetermined,2005-08-06,2005-08-06,,,,3.67896738004,3.67896738004,,ON,,,20250506,2005_1311,771.735685375,36541.0952983,2005-08-06,2005-08-06
2003,735,Agency,Undefined,Undefined,Natural,2003-06-20,2003-06-25,2003-06-18,2003-08-12,,35208.9947345,25494.7585191,true,ON,,,20250506,2003_735,326379.426879,345826039.788,2003-06-20,2003-06-25
2003,750,Agency,Undefined,Undefined,Natural,2003-06-21,2003-06-21,2003-06-17,2003-07-02,,135.357597664,121.470963332,true,ON,,,20250506,2003_750,6671.3922345,1329858.85541,2003-06-17,2003-07-02
2003,796,C2C,Landsat,Processed imagery,Human,2003-05-25,2003-05-25,2003-05-25,2003-06-08,,166.549375748,166.549375748,,ON,,,20250506,2003_796,14865.0154726,1650283.88847,2003-05-25,2003-06-08
2003,807,C2C,Landsat,Processed imagery,Natural,2003-06-21,2003-06-23,2003-06-20,2003-07-30,,658.122990542,658.122990542,,ON,,,20250506,2003_807,54750.2303352,6535964.80969,2003-06-21,2003-06-23
2003,814,Agency,Undefined,Undefined,Natural,2003-06-14,2003-07-13,2003-06-13,2003-09-23,,26460.3079309,19372.2087891,true,ON,,,20250506,2003_814,186905.100198,263857954.838,2003-06-14,2003-07-13
2003,815,C2C,Landsat,Processed imagery,Undetermined,2003-08-18,2003-08-19,2003-08-17,2003-09-17,,411.012751606,411.012751606,,ON,,,20250506,2003_815,25056.8241008,4083087.70544,2003-08-18,2003-08-19
2003,828,C2C,Landsat,Processed imagery,Human,2003-06-22,2003-06-22,2003-06-20,2003-07-24,,701.813903999,701.813903999,,ON,,,20250506,2003_828,53489.1897215,7005874.6295,2003-06-20,2003-07-24
2003,834,Agency,Undefined,Undefined,Human,,,2003-05-03,2003-05-11,,113.188610763,102.279818622,true,ON,,,20250506,2003_834,5360.3436618,1134146.27486,2003-05-03,2003-05-11
2003,880,Agency,Undefined,Undefined,Human,2003-05-08,2003-05-08,2003-05-08,2003-05-16,,48.5905170095,45.3638193552,true,ON,,,20250506,2003_880,5341.0060492,488366.076199,2003-05-08,2003-05-16
2003,883,C2C,Landsat,Processed imagery,Natural,,,2003-06-18,2003-07-03,,60.1345881581,60.1345881581,,ON,,,20250506,2003_883,6278.01544758,598720.47476,2003-06-18,2003-07-03
2003,885,Agency,Undefined,Undefined,Human,,,2003-04-09,2003-04-09,,15.4507172202,15.0767384308,true,ON,,,20250506,2003_885,1592.62643887,153542.894395,2003-04-09,2003-04-09
2003,886,Agency,Undefined,Undefined,Human,,,2003-05-16,2003-05-26,,43.6003072191,40.8755481795,true,ON,,,20250506,2003_886,3444.98898549,431973.163641,2003-05-16,2003-05-26
2002,641,Agency,Undefined,Direct from GPS,Natural,2002-07-18,2002-07-18,2002-07-15,2002-08-05,,443.062817759,379.825271545,true,ON,,,20250506,2002_641,10849.301813,4343179.3213,2002-07-15,2002-08-05
2002,655,C2C,Landsat,Processed imagery,Natural,2002-07-17,2002-07-18,2002-07-13,2002-08-14,,6303.46017336,6303.46017336,,ON,,,20250506,2002_655,294465.786759,61951207.9073,2002-07-17,2002-07-18
2002,664,C2C,Landsat,Processed imagery,Natural,2002-07-17,2002-07-26,2002-07-16,2002-07-31,,148.209004627,148.209004627,,ON,,,20250506,2002_664,17062.786332,1459462.19115,2002-07-17,2002-07-26
2002,669,C2C,Landsat,Processed imagery,Human,2002-07-12,2002-07-12,2002-07-10,2002-07-19,,107.193629758,107.193629758,,ON,,,20250506,2002_669,9986.58805141,1056928.96639,2002-07-10,2002-07-19
2002,675,Agency,Undefined,Direct from GPS,Natural,,,2002-07-14,2002-07-28,,158.775367173,141.611627085,true,ON,,,20250506,2002_675,7068.75193802,1566740.36843,2002-07-14,2002-07-28
2002,686,C2C,Landsat,Processed imagery,Natural,2002-07-15,2002-07-18,2002-07-12,2002-10-03,,7774.54458225,7774.54458225,,ON,,,20250506,2002_686,521226.547533,77713189.2732,2002-07-15,2002-07-18
2002,689,C2C,Landsat,Processed imagery,Natural,2002-07-17,2002-07-18,2002-07-16,2002-08-25,,301.721760902,301.721760902,,ON,,,20250506,2002_689,22178.5927468,3025146.64353,2002-07-17,2002-07-18
2002,691,Agency,Undefined,Direct from GPS,Natural,2002-06-03,2002-07-08,2002-06-02,2002-07-24,,2250.01872981,1811.64673419,true,ON,,,20250506,2002_691,72396.4323924,22589814.8877,2002-06-03,2002-07-08
2002,714,Agency,Undefined,Direct from GPS,Natural,,,2002-05-23,2002-07-04,,611.288738872,517.5726385,true,ON,,,20250506,2002_714,16022.8474723,6084685.91371,2002-05-23,2002-07-04
2002,715,Agency,Undefined,Manually delineated,Human,2002-08-28,2002-08-28,2002-08-27,2002-08-31,,930.089448933,774.847403359,true,ON,,,20250506,2002_715,33600.9396209,9227284.79757,2002-08-27,2002-08-31
2002,716,C2C,Landsat,Processed imagery,Natural,,,2002-05-31,2002-07-02,,621.958064565,621.958064565,,ON,,,20250506,2002_716,54301.1410937,6172864.32308,2002-05-31,2002-07-02
2002,717,Agency,Undefined,Manually delineated,Human,,,2002-09-18,2002-09-18,,1168.71458381,965.101058502,true,ON,,,20250506,2002_717,18129.3349089,11586668.6792,2002-09-18,2002-09-18
2002,1204,C2C,Landsat,Processed imagery,Undetermined,2002-07-03,2002-07-03,,,,4.96127249709,4.96127249709,,ON,,,20250506,2002_1204,1097.44633623,49076.0581117,2002-07-03,2002-07-03
2001,314,Agency,Undefined,Direct from GPS,Natural,,,2001-06-09,2001-06-18,,85.0487497436,77.704301037,true,ON,,,20250506,2001_314,5902.1438675,838665.508995,2001-06-09,2001-06-18
2001,353,Agency,Undefined,Manually delineated,Natural,,,2001-07-23,2001-08-01,,54.2348206789,50.419055246,true,ON,,,20250506,2001_353,3682.47589535,538034.964832,2001-07-23,2001-08-01
2001,357,Agency,Undefined,Manually delineated,Undetermined,,,2001-04-29,2001-05-01,,219.893699739,193.674000461,true,ON,,,20250506,2001_357,6386.43381802,2202875.37176,2001-04-29,2001-05-01
2001,360,Agency,Undefined,Buffered points,Human,,,2001-09-16,2001-10-25,,298.68996765,259.9841604,true,ON,,,20250506,2001_360,6085.68292187,2939662.01752,2001-09-16,2001-10-25
2001,361,C2C,Landsat,Processed imagery,Natural,,,2001-06-09,2001-06-18,,96.2560423682,96.2560423682,,ON,,,20250506,2001_361,14312.8738271,947673.526622,2001-06-09,2001-06-18
2000,431,Agency,Undefined,Manually delineated,Human,2000-09-27,2000-09-28,2000-10-19,2000-11-14,,4220.18549458,3316.49423308,true,ON,,,20250506,2000_431,142077.806444,41637262.7685,2000-09-27,2000-09-28
2000,451,Agency,Undefined,Direct from GPS,Human,2000-05-03,2000-05-03,2000-05-03,2000-05-16,,63.5040077595,58.6777675186,true,ON,,,20250506,2000_451,5495.36447551,631074.93521,2000-05-03,2000-05-16
2000,531,Agency,Undefined,Manually delineated,Human,,,2000-04-27,2000-05-09,,506.908893263,432.30725949,true,ON,,,20250506,2000_531,12793.4383503,5076211.76882,2000-04-27,2000-05-09
2000,532,Agency,Undefined,Manually delineated,Undetermined,,,2000-03-10,2000-03-16,,57.5422015096,53.3716932477,true,ON,,,20250506,2000_532,3858.84562789,576163.782677,2000-03-10,2000-03-16
2000,533,Agency,Undefined,Manually delineated,Human,2000-10-09,2000-10-09,2000-10-19,2000-11-14,,334.750230223,290.092903853,true,ON,,,20250506,2000_533,7977.7406052,3337242.58108,2000-10-19,2000-11-14
1999,463,Agency,Undefined,Direct from GPS,Human,1999-08-27,1999-08-29,1999-08-26,1999-10-08,,5570.26730567,4330.8423415,true,ON,,,20250506,1999_463,148244.076598,54789561.4658,1999-08-27,1999-08-29
1999,468,Agency,Undefined,Direct from GPS,Human,1999-05-03,1999-05-05,1999-05-03,1999-06-11,,998.356838929,829.450178028,true,ON,,,20250506,1999_468,26159.029985,9836524.73173,1999-05-03,1999-05-05
1999,474,C2C,Landsat,Processed imagery,Human,1999-05-29,1999-05-29,1999-05-28,1999-06-08,,244.100247612,244.100247612,,ON,,,20250506,1999_474,36469.8071734,2408790.6795,1999-05-28,1999-06-08
1999,507,MAFiMS,Landsat,Processed imagery,Human,1999-05-02,1999-05-15,1999-05-02,1999-07-15,1999-07-10,27492.642618,27492.642618,,ON,,,20250506,1999_507,309721.906794,273656753.432,1999-05-02,1999-05-15
1999,521,MAFiMS,Landsat,Processed imagery,Human,1999-05-03,1999-05-05,1999-04-30,1999-07-13,1999-07-10,38875.5662109,38875.5662109,,ON,,,20250506,1999_521,925575.10934,387910011.276,1999-05-03,1999-05-05
1999,537,C2C,Landsat,Processed imagery,Undetermined,1999-05-30,1999-05-30,,,,15.2681642189,15.2681642189,,ON,,,20250506,1999_537,2991.56610643,152546.753585,1999-05-30,1999-05-30
1999,697,Agency,Undefined,Direct from GPS,Human,,,1999-04-25,1999-05-17,,403.539909415,347.192896543,true,ON,,,20250506,1999_697,9393.87170512,4042823.04117,1999-04-25,1999-05-17
1999,698,C2C,Landsat,Processed imagery,Natural,,,1999-05-29,1999-06-25,,681.769251178,681.769251178,,ON,,,20250506,1999_698,37132.6871635,6797407.5013,1999-05-29,1999-06-25
1999,1125,C2C,Landsat,Processed imagery,Undetermined,1999-07-23,1999-07-23,,,,23.5884818981,23.5884818981,,ON,,,20250506,1999_1125,3259.64885651,233121.545764,1999-07-23,1999-07-23
1998,714,Agency,Undefined,Undefined,Natural,1998-06-16,1998-06-17,1998-06-14,1998-08-23,,7009.19127867,5401.49089312,true,ON,,,20250506,1998_714,113854.848434,69496671.5316,1998-06-16,1998-06-17
1998,732,MAFiMS,Landsat,Processed imagery,Natural,1998-05-19,1998-05-24,1998-05-18,1998-08-01,1998-06-16,12266.6631244,12266.6631244,,ON,,,20250506,1998_732,864700.335205,122313872.482,1998-05-19,1998-05-24
1998,737,Agency,Undefined,Undefined,Undetermined,1998-05-01,1998-05-11,1998-04-30,1998-08-22,,27142.3544757,19852.0465598,true,ON,,,20250506,1998_737,169047.767442,270147444.981,1998-05-01,1998-05-11
1998,741,C2C,Landsat,Processed imagery,Natural,1998-05-19,1998-05-19,1998-05-18,1998-06-29,,465.548731177,465.548731177,,ON,,,20250506,1998_741,23599.6012242,4646172.90182,1998-05-18,1998-06-29
1998,843,Agency,Undefined,Undefined,Human,,,1998-04-23,1998-04-29,,54.9655674618,51.0720073379,true,ON,,,20250506,1998_843,3391.18179937,551710.648261,1998-04-23,1998-04-29
1998,844,Agency,Undefined,Undefined,Human,,,1998-03-31,1998-04-07,,256.702704555,224.747722328,true,ON,,,20250506,1998_844,6416.67391186,2571833.57515,1998-03-31,1998-04-07
1998,845,C2C,Landsat,Processed imagery,Natural,,,1998-07-23,1998-10-15,,104.24219141,104.24219141,,ON,,,20250506,1998_845,11831.1768448,1045937.5722,1998-07-23,1998-10-15
1998,846,Agency,Undefined,Undefined,Human,,,1998-03-30,1998-04-07,,1279.07902651,1052.56651609,true,ON,,,20250506,1998_846,16293.3877452,12807947.3697,1998-03-30,1998-04-07
1998,851,Agency,Undefined,Undefined,Natural,,,1998-07-17,1998-09-28,,3214.05929821,2552.4984708,true,ON,,,20250506,1998_851,35853.4389964,32137737.38,1998-07-17,1998-09-28
1998,853,C2C,Landsat,Processed imagery,Natural,,,1998-07-10,1998-07-30,,167.542040377,167.542040377,,ON,,,20250506,1998_853,10022.2611366,1667416.59817,1998-07-10,1998-07-30
1998,855,C2C,Landsat,Processed imagery,Natural,,,1998-06-21,1998-08-27,,2209.41267143,2209.41267143,,ON,,,20250506,1998_855,86025.079522,22074092.4883,1998-06-21,1998-08-27
1998,856,Agency,Undefined,Undefined,Human,,,1998-04-28,1998-06-16,,546.811382597,464.975831457,true,ON,,,20250506,1998_856,18896.0252568,5441448.38846,1998-04-28,1998-06-16
1998,859,C2C,Landsat,Processed imagery,Natural,,,1998-06-15,1998-07-15,,257.315590958,257.315590958,,ON,,,20250506,1998_859,22018.1470467,2552990.12129,1998-06-15,1998-07-15
1998,860,C2C,Landsat,Processed imagery,Natural,,,1998-06-14,1998-06-26,,79.6858414598,79.6858414598,,ON,,,20250506,1998_860,11711.2701224,789984.810364,1998-06-14,1998-06-26
1998,862,Agency,Undefined,Undefined,Natural,,,1998-07-13,1998-07-20,,28.404600785,27.0734547248,true,ON,,,20250506,1998_862,2073.04621511,280582.725641,1998-07-13,1998-07-20
1997,338,Agency,Undefined,Undefined,Natural,1997-06-10,1997-06-10,1997-06-03,1997-06-21,,1878.52048517,1523.09620157,true,ON,,,20250506,1997_338,48124.5082241,18473731.5956,1997-06-03,1997-06-21
1996,529,C2C,Landsat,Processed imagery,Natural,1996-06-14,1996-06-14,1996-06-10,1996-07-13,,356.961873131,356.961873131,,ON,,,20250506,1996_529,43310.4938296,3488710.82646,1996-06-10,1996-07-13
1996,540,C2C,Landsat,Processed imagery,Natural,1996-06-11,1996-06-14,1996-06-10,1996-07-13,,1412.86379491,1412.86379491,,ON,,,20250506,1996_540,146092.009436,13823223.2849,1996-06-11,1996-06-14
1996,561,C2C,Landsat,Processed imagery,Natural,1996-06-13,1996-06-19,1996-06-12,1996-07-07,,4359.76718776,4359.76718776,,ON,,,20250506,1996_561,249247.163794,42849124.7659,1996-06-13,1996-06-19
1996,568,Agency,Undefined,Undefined,Natural,1996-06-13,1996-06-19,1996-06-12,1996-07-07,,8899.07521662,6795.01001638,true,ON,,,20250506,1996_568,72623.810309,87643112.675,1996-06-13,1996-06-19
1996,569,Agency,Undefined,Undefined,Natural,1996-06-14,1996-06-19,1996-06-12,1996-07-07,,1423.21356494,1166.36074675,true,ON,,,20250506,1996_569,33509.2907466,14017285.9978,1996-06-14,1996-06-19
1996,575,Agency,Undefined,Undefined,Natural,1996-06-17,1996-06-17,1996-06-11,1996-07-07,,805.807980348,675.035622883,true,ON,,,20250506,1996_575,22441.5895338,7947657.98526,1996-06-11,1996-07-07
1996,579,C2C,Landsat,Processed imagery,Natural,1996-06-13,1996-06-19,1996-06-11,1996-06-21,,15787.897428,15787.897428,,ON,,,20250506,1996_579,1110768.25975,155721800.726,1996-06-13,1996-06-19
1996,580,C2C,Landsat,Processed imagery,Natural,1996-06-14,1996-06-18,1996-06-12,1996-07-07,,548.153052083,548.153052083,,ON,,,20250506,1996_580,70881.6208179,5409442.35949,1996-06-14,1996-06-18
1996,582,C2C,Landsat,Processed imagery,Natural,1996-06-13,1996-06-14,1996-06-13,1996-07-04,,319.840267123,319.840267123,,ON,,,20250506,1996_582,29509.0717445,3154101.08148,1996-06-13,1996-06-14
1996,583,C2C,Landsat,Processed imagery,Natural,1996-06-13,1996-06-19,1996-06-12,1996-08-27,,10330.4855239,10330.4855239,,ON,,,20250506,1996_583,702506.675934,102046089.179,1996-06-13,1996-06-19
1996,584,C2C,Landsat,Processed imagery,Natural,1996-06-18,1996-06-19,1996-06-13,1996-07-07,,702.065666243,702.065666243,,ON,,,20250506,1996_584,49130.8363477,6929712.87961,1996-06-18,1996-06-19
1996,585,Agency,Undefined,Undefined,Natural,1996-06-13,1996-06-19,1996-06-12,1996-08-22,,17129.3743897,12753.0160498,true,ON,,,20250506,1996_585,106842.648071,169193476.776,1996-06-13,1996-06-19
1996,586,C2C,Landsat,Processed imagery,Natural,1996-06-14,1996-06-19,1996-06-11,1996-07-07,,4186.71755468,4186.71755468,,ON,,,20250506,1996_586,293112.320109,41351375.3273,1996-06-14,1996-06-19
1996,587,Agency,Undefined,Undefined,Natural,1996-06-13,1996-06-18,1996-06-12,1996-08-27,,2285.01808032,1838.73168222,true,ON,,,20250506,1996_587,34197.101854,22576060.1628,1996-06-13,1996-06-18
1996,588,Agency,Undefined,Undefined,Natural,1996-06-13,1996-06-20,1996-06-12,1996-07-30,,12273.9988586,9256.42021724,true,ON,,,20250506,1996_588,72545.9763579,121093159.665,1996-06-13,1996-06-20
1996,590,C2C,Landsat,Processed imagery,Natural,,,1996-06-14,1996-07-05,,321.581746119,321.581746119,,ON,,,20250506,1996_590,27517.4960996,3175023.00664,1996-06-14,1996-07-05
1996,598,Agency,Undefined,Undefined,Natural,1996-06-14,1996-06-14,1996-06-12,1996-07-12,,361.320441247,312.197040007,true,ON,,,20250506,1996_598,11108.9775712,3569457.01011,1996-06-12,1996-07-12
1996,600,C2C,Landsat,Processed imagery,Natural,1996-06-14,1996-06-14,1996-06-12,1996-07-05,,210.08521337,210.08521337,,ON,,,20250506,1996_600,26295.8788483,2077226.47018,1996-06-12,1996-07-05
1996,602,Agency,Undefined,Undefined,Natural,1996-06-14,1996-06-25,1996-06-12,1996-07-20,,9122.42219467,6958.89043472,true,ON,,,20250506,1996_602,100235.54049,90217580.5673,1996-06-14,1996-06-25
1996,604,C2C,Landsat,Processed imagery,Natural,1996-06-14,1996-06-19,1996-06-12,1996-07-06,,5966.11277502,5966.11277502,,ON,,,20250506,1996_604,322569.091116,59051426.6656,1996-06-14,1996-06-19
1996,614,Agency,Undefined,Undefined,Natural,1996-06-13,1996-06-20,1996-06-12,1996-07-20,,6081.30094413,4712.18036272,true,ON,,,20250506,1996_614,78556.835868,60225413.9535,1996-06-13,1996-06-20
1996,622,Agency,Undefined,Buffered points,Natural,1996-06-13,1996-06-13,1996-06-12,1996-07-07,,248.956990945,218.224051803,true,ON,,,20250506,1996_622,5579.23119606,2470731.3627,1996-06-12,1996-07-07
1996,625,Agency,Undefined,Undefined,Natural,1996-06-13,1996-06-17,1996-06-10,1996-07-07,,2065.41541924,1668.51220164,true,ON,,,20250506,1996_625,39464.4440137,20520270.1419,1996-06-13,1996-06-17
1996,627,C2C,Landsat,Processed imagery,Natural,1996-06-18,1996-06-19,1996-07-07,1996-07-07,,653.940737201,653.940737201,,ON,,,20250506,1996_627,75476.9846926,6486978.67781,1996-06-18,1996-06-19
1996,628,Agency,Undefined,Undefined,Natural,1996-06-17,1996-06-26,1996-06-13,1996-08-22,,9319.18265533,7103.13469234,true,ON,,,20250506,1996_628,54665.8729528,92478077.8032,1996-06-17,1996-06-26
1996,630,Agency,Undefined,Undefined,Natural,,,1996-06-12,1996-07-17,,474.721794014,405.883260918,true,ON,,,20250506,1996_630,16415.3893405,4710781.50696,1996-06-12,1996-07-17
1996,632,C2C,Landsat,Processed imagery,Undetermined,1996-09-01,1996-09-01,,,,22.9970607566,22.9970607566,,ON,,,20250506,1996_632,2610.18646855,228225.540909,1996-09-01,1996-09-01
1996,635,MAFiMS,Landsat,Processed imagery,Natural,1996-06-14,1996-06-26,1996-06-12,1996-08-20,1996-07-16,6346.5957025,6346.5957025,,ON,,,20250506,1996_635,456468.525816,63027006.9553,1996-06-14,1996-06-26
1996,639,C2C,Landsat,Processed imagery,Natural,1996-06-13,1996-06-26,1996-06-13,1996-09-03,,3902.99747411,3902.99747411,,ON,,,20250506,1996_639,545940.634783,38788623.4167,1996-06-13,1996-06-26
1996,640,MAFiMS,Landsat,Processed imagery,Natural,1996-06-14,1996-06-19,1996-06-13,1996-08-06,1996-08-16,1881.10303598,1881.10303598,,ON,,,20250506,1996_640,175331.295352,18686668.2863,1996-06-14,1996-06-19
1996,644,C2C,Landsat,Processed imagery,Natural,1996-06-13,1996-06-19,1996-06-12,1996-08-06,,10096.9419872,10096.9419872,,ON,,,20250506,1996_644,953933.818048,100397866.358,1996-06-13,1996-06-19
1996,646,Agency,Undefined,Undefined,Natural,1996-06-19,1996-06-19,1996-06-12,1996-08-20,,981.427598785,815.923374866,true,ON,,,20250506,1996_646,29073.0546902,9762203.51252,1996-06-12,1996-08-20
1996,650,C2C,Landsat,Processed imagery,Natural,1996-06-14,1996-06-20,1996-06-12,1996-08-20,,1581.21629292,1581.21629292,,ON,,,20250506,1996_650,157522.944766,15739737.8495,1996-06-14,1996-06-20
1996,651,Agency,Undefined,Undefined,Natural,1996-06-14,1996-06-25,1996-06-12,1996-08-21,,12783.160262,9625.29581612,true,ON,,,20250506,1996_651,85674.177094,127474331.617,1996-06-14,1996-06-25
1996,652,C2C,Landsat,Processed imagery,Natural,1996-06-14,1996-06-19,1996-06-12,1996-08-21,,6564.84897525,6564.84897525,,ON,,,20250506,1996_652,468889.547888,65479185.2954,1996-06-14,1996-06-19
1996,653,C2C,Landsat,Processed imagery,Undetermined,1996-06-14,1996-06-14,,,,27.4265435049,27.4265435049,,ON,,,20250506,1996_653,4533.36732316,272901.228415,1996-06-14,1996-06-14
1996,654,Agency,Undefined,Undefined,Natural,1996-06-14,1996-06-19,1996-06-12,1996-08-20,,2950.97953135,2351.30452716,true,ON,,,20250506,1996_654,26685.3582199,29383656.5344,1996-06-14,1996-06-19
1996,656,Agency,Undefined,Undefined,Natural,1996-06-13,1996-06-17,1996-06-11,1996-08-06,,3452.01345132,2733.92874609,true,ON,,,20250506,1996_656,54066.2855295,34365122.1336,1996-06-13,1996-06-17
1996,657,MAFiMS,Landsat,Processed imagery,Natural,1996-06-13,1996-06-26,1996-06-12,1996-08-22,1996-08-01,8119.28682161,8119.28682161,,ON,,,20250506,1996_657,532508.299655,80927585.5199,1996-06-13,1996-06-26
1996,659,C2C,Landsat,Processed imagery,Natural,1996-06-14,1996-06-27,1996-06-12,1996-08-21,,11599.8546462,11599.8546462,,ON,,,20250506,1996_659,967769.829885,115815857.41,1996-06-14,1996-06-27
1996,660,Agency,Undefined,Undefined,Natural,1996-06-14,1996-06-19,1996-06-12,1996-08-20,,1172.1012993,967.789676388,true,ON,,,20250506,1996_660,16679.1827376,11675300.9878,1996-06-14,1996-06-19
1996,665,Agency,Undefined,Undefined,Natural,1996-06-12,1996-06-20,1996-06-12,1996-08-21,,6689.37435936,5164.32851633,true,ON,,,20250506,1996_665,66282.6472419,66790111.7591,1996-06-12,1996-06-20
1996,667,C2C,Landsat,Processed imagery,Natural,1996-06-14,1996-06-20,1996-06-09,1996-08-20,,3365.88707688,3365.88707688,,ON,,,20250506,1996_667,293759.381235,33605243.7301,1996-06-14,1996-06-20
1996,668,C2C,Landsat,Processed imagery,Natural,1996-06-19,1996-06-19,1996-06-14,1996-07-15,,166.613100839,166.613100839,,ON,,,20250506,1996_668,15482.3740031,1664009.22101,1996-06-14,1996-07-15
1996,670,Agency,Undefined,Undefined,Natural,1996-06-12,1996-06-19,1996-06-12,1996-08-06,,1191.1762941,982.927203856,true,ON,,,20250506,1996_670,30366.617173,11892171.7135,1996-06-12,1996-06-19
1996,671,Agency,Undefined,Undefined,Natural,1996-06-19,1996-06-20,1996-06-17,1996-08-20,,1022.95467932,849.088620121,true,ON,,,20250506,1996_671,27639.7180371,10219798.8188,1996-06-19,1996-06-20
1996,674,C2C,Landsat,Processed imagery,Natural,1996-06-16,1996-06-19,1996-06-12,1996-07-28,,172.351962792,172.351962792,,ON,,,20250506,1996_674,40056.9596857,1722172.69242,1996-06-16,1996-06-19
1996,675,Agency,Undefined,Undefined,Natural,1996-06-14,1996-06-14,1996-06-12,1996-07-14,,250.473266871,219.501713568,true,ON,,,20250506,1996_675,9635.3571157,2506450.80252,1996-06-12,1996-07-14
1996,678,C2C,Landsat,Processed imagery,Natural,1996-06-14,1996-06-19,1996-06-12,1996-07-14,,743.04660709,743.04660709,,ON,,,20250506,1996_678,79196.5926049,7441047.88914,1996-06-14,1996-06-19
1996,715,C2C,Landsat,Processed imagery,Natural,,,1996-06-12,1996-07-19,,324.465107352,324.465107352,,ON,,,20250506,1996_715,32324.5565313,3247087.063,1996-06-12,1996-07-19
1996,716,C2C,Landsat,Processed imagery,Natural,,,1996-06-09,1996-08-20,,332.82088684,332.82088684,,ON,,,20250506,1996_716,52897.4823411,3321625.53882,1996-06-09,1996-08-20
1995,1102,C2C,Landsat,Processed imagery,Natural,1995-06-02,1995-06-19,1995-05-29,1995-07-07,,5760.50409384,5760.50409384,,ON,,,20250506,1995_1102,400578.257498,56346183.7904,1995-06-02,1995-06-19
1995,1106,Agency,Undefined,Undefined,Natural,1995-06-02,1995-06-04,1995-05-30,1995-07-07,,7078.81221523,5453.06277102,true,ON,,,20250506,1995_1106,114948.208451,69251697.8443,1995-06-02,1995-06-04
1995,1121,Agency,Undefined,Undefined,Natural,1995-06-04,1995-06-04,1995-05-30,1995-07-07,,806.25885095,675.398744963,true,ON,,,20250506,1995_1121,13634.7690656,7895952.31151,1995-05-30,1995-07-07
1995,1146,C2C,Landsat,Processed imagery,Natural,1995-06-18,1995-07-15,1995-06-14,1995-07-08,,14529.1438375,14529.1438375,,ON,,,20250506,1995_1146,903294.293798,142620527.689,1995-06-18,1995-07-15
1995,1164,MAFiMS,Landsat,Processed imagery,Natural,1995-06-18,1995-08-29,1995-06-13,1995-10-02,1996-06-08,96246.0152969,96246.0152969,,ON,,,20250506,1995_1164,2853622.36549,948208715.342,1995-06-18,1995-08-29
1995,1165,Agency,Undefined,Undefined,Natural,1995-06-19,1995-06-21,1995-06-17,1995-07-07,,8806.41978362,6726.97790366,true,ON,,,20250506,1995_1165,96572.2616469,86551200.9447,1995-06-19,1995-06-21
1995,1180,Agency,Undefined,Undefined,Natural,1995-06-22,1995-06-22,1995-06-19,1995-07-08,,322.281867908,279.697245289,true,ON,,,20250506,1995_1180,10261.9797074,3174029.245,1995-06-19,1995-07-08
1995,1192,Agency,Undefined,Undefined,Natural,,,1995-06-19,1995-07-08,,308.563765126,268.2416268,true,ON,,,20250506,1995_1192,9450.86473213,3040450.84157,1995-06-19,1995-07-08
1995,1212,Agency,Undefined,Undefined,Natural,1995-06-21,1995-06-22,1995-06-19,1995-07-18,,203.410322943,179.695532251,true,ON,,,20250506,1995_1212,8333.31321793,2009335.85363,1995-06-21,1995-06-22
1995,1220,Agency,Undefined,Undefined,Natural,1995-06-21,1995-06-21,1995-06-15,1995-07-22,,4669.18077573,3655.05656442,true,ON,,,20250506,1995_1220,95620.6915968,46070435.5257,1995-06-15,1995-07-22
1995,1226,Agency,Undefined,Undefined,Natural,1995-06-21,1995-06-22,1995-06-19,1995-07-18,,439.739170077,377.085547356,true,ON,,,20250506,1995_1226,9546.22996715,4348317.66468,1995-06-21,1995-06-22
1995,1232,Agency,Undefined,Undefined,Natural,1995-06-17,1995-06-22,1995-06-16,1995-07-12,,8464.3427027,6475.56665567,true,ON,,,20250506,1995_1232,78597.0709294,83654621.9674,1995-06-17,1995-06-22
1995,1235,Agency,Undefined,Undefined,Natural,1995-06-23,1995-06-23,1995-06-21,1995-07-18,,377.212546787,325.387647314,true,ON,,,20250506,1995_1235,7942.25527029,3732978.79891,1995-06-21,1995-07-18
1995,1238,C2C,Landsat,Processed imagery,Undetermined,1995-06-21,1995-06-21,,,,15.7980646639,15.7980646639,,ON,,,20250506,1995_1238,2903.56261799,156235.613636,1995-06-21,1995-06-21
1995,1241,C2C,Landsat,Processed imagery,Natural,1995-06-22,1995-06-22,1995-06-20,1995-07-04,,179.566856264,179.566856264,,ON,,,20250506,1995_1241,23040.871137,1776594.42687,1995-06-20,1995-07-04
1995,1250,C2C,Landsat,Processed imagery,Natural,,,1995-06-22,1995-07-05,,178.061902772,178.061902772,,ON,,,20250506,1995_1250,23151.3567846,1763395.52736,1995-06-22,1995-07-05
1995,1255,C2C,Landsat,Processed imagery,Natural,1995-06-22,1995-06-23,1995-06-20,1995-08-04,,852.119841711,852.119841711,,ON,,,20250506,1995_1255,76838.8334876,8447691.25462,1995-06-22,1995-06-23
1995,1267,Agency,Undefined,Undefined,Natural,1995-08-11,1995-08-20,1995-08-09,1995-09-20,,3887.917086,3065.0596782,true,ON,,,20250506,1995_1267,40457.7888425,38644397.4554,1995-08-11,1995-08-20
1995,1271,C2C,Landsat,Processed imagery,Natural,1995-06-23,1995-06-26,1995-06-19,1995-08-17,,759.950194311,759.950194311,,ON,,,20250506,1995_1271,83689.2294958,7551709.60805,1995-06-23,1995-06-26
1995,1276,Agency,Undefined,Undefined,Natural,1995-06-22,1995-06-22,1995-06-20,1995-08-17,,1534.55542681,1253.95844618,true,ON,,,20250506,1995_1276,32688.6863325,15257225.6887,1995-06-20,1995-08-17
1995,1297,C2C,Landsat,Processed imagery,Undetermined,1995-06-22,1995-06-22,,,,177.722903417,177.722903417,,ON,,,20250506,1995_1297,19013.8336826,1768966.37742,1995-06-22,1995-06-22
1995,1298,Agency,Undefined,Undefined,Human,1995-05-06,1995-06-05,1995-05-30,1995-07-10,,994.71643265,826.542172352,true,ON,,,20250506,1995_1298,35348.1524648,9913539.84092,1995-05-06,1995-06-05
1995,1303,C2C,Landsat,Processed imagery,Undetermined,1995-06-20,1995-06-20,,,,138.679287852,138.679287852,,ON,,,20250506,1995_1303,11999.7189543,1384096.88066,1995-06-20,1995-06-20
1995,1304,C2C,Landsat,Processed imagery,Undetermined,1995-06-21,1995-06-21,,,,4.97580557885,4.97580557885,,ON,,,20250506,1995_1304,2687.76891487,49582.6660436,1995-06-21,1995-06-21
1995,1315,C2C,Landsat,Processed imagery,Natural,1995-06-23,1995-06-23,1995-06-20,1995-08-24,,28.1576329566,28.1576329566,,ON,,,20250506,1995_1315,7856.76975085,281411.903195,1995-06-20,1995-08-24
1995,1317,C2C,Landsat,Processed imagery,Natural,1995-06-22,1995-06-23,1995-06-19,1995-08-24,,1386.31617704,1386.31617704,,ON,,,20250506,1995_1317,212846.742794,13865195.209,1995-06-22,1995-06-23
1995,1319,C2C,Landsat,Processed imagery,Undetermined,1995-06-21,1995-06-21,,,,108.788334189,108.788334189,,ON,,,20250506,1995_1319,13047.2701328,1087812.28518,1995-06-21,1995-06-21
1995,1322,Agency,Undefined,Undefined,Natural,1995-06-23,1995-06-23,1995-06-19,1995-08-19,,827.885546891,692.807330102,true,ON,,,20250506,1995_1322,14982.5012765,8288844.94539,1995-06-19,1995-08-19
1995,1324,Agency,Undefined,Undefined,Human,,,1995-08-10,1995-09-06,,702.210035961,591.382206432,true,ON,,,20250506,1995_1324,15775.9928057,7034325.96527,1995-08-10,1995-09-06
1995,1327,Agency,Undefined,Undefined,Natural,1995-08-12,1995-09-03,1995-08-09,1995-10-10,,28078.1747804,20509.6664395,true,ON,,,20250506,1995_1327,145840.105675,282219325.206,1995-08-12,1995-09-03
1995,1337,Agency,Undefined,Undefined,Human,1995-08-14,1995-08-17,1995-08-10,1995-09-21,,3881.97110543,3060.55287552,true,ON,,,20250506,1995_1337,57459.5211,39062279.2295,1995-08-14,1995-08-17
1995,1397,Agency,Undefined,Undefined,Natural,,,1995-06-19,1995-08-17,,1058.83868946,877.70517728,true,ON,,,20250506,1995_1397,27257.5244926,10566281.6242,1995-06-19,1995-08-17
1995,1398,MAFiMS,Landsat,Processed imagery,Human,,,1995-08-20,1995-10-02,1996-06-08,2306.3519002,2306.3519002,,ON,,,20250506,1995_1398,123579.739737,22927576.6527,1995-08-20,1995-10-02
1995,1399,Agency,Undefined,Undefined,Natural,,,1995-06-20,1995-06-30,,88.543030059,80.7712431194,true,ON,,,20250506,1995_1399,3894.26891431,877095.346572,1995-06-20,1995-06-30
1995,1400,C2C,Landsat,Processed imagery,Natural,,,1995-08-20,1995-11-02,,2287.69248938,2287.69248938,,ON,,,20250506,1995_1400,122554.806465,22699897.9166,1995-08-20,1995-11-02
1995,1403,C2C,Landsat,Processed imagery,Natural,,,1995-06-19,1995-07-08,,180.402099956,180.402099956,,ON,,,20250506,1995_1403,17411.5799615,1777011.04043,1995-06-19,1995-07-08
1995,1665,C2C,Landsat,Processed imagery,Undetermined,1995-06-20,1995-06-20,,,,14.1139213416,14.1139213416,,ON,,,20250506,1995_1665,3014.58835567,140418.104128,1995-06-20,1995-06-20
1995,1673,C2C,Landsat,Processed imagery,Undetermined,1995-06-21,1995-06-21,,,,34.9465573288,34.9465573288,,ON,,,20250506,1995_1673,2631.24313413,347044.099583,1995-06-21,1995-06-21
1993,8,C2C,Landsat,Processed imagery,Natural,1993-06-19,1993-06-22,1993-06-18,1993-07-20,,1884.12188928,1884.12188928,,ON,,,20250506,1993_8,127403.614683,18431263.4416,1993-06-19,1993-06-22
1993,10,C2C,Landsat,Processed imagery,Natural,1993-06-19,1993-06-23,1993-06-05,1993-07-20,,12224.4271761,12224.4271761,,ON,,,20250506,1993_10,703892.747459,119528400.745,1993-06-19,1993-06-23
1993,248,Agency,Undefined,Undefined,Human,,,1993-03-31,1993-04-14,,623.395114266,527.423733363,true,ON,,,20250506,1993_248,15436.8993872,6241962.57511,1993-03-31,1993-04-14
1992,6,Agency,Undefined,Undefined,Natural,1992-06-13,1992-06-13,1992-06-11,1992-07-19,,9295.72057886,7085.94096314,true,ON,,,20250506,1992_6,52768.6657747,92086016.0076,1992-06-11,1992-07-19
1991,9,Agency,Undefined,Undefined,Human,,,1991-04-24,1991-05-11,,51.0320803584,47.5532052202,true,ON,,,20250506,1991_9,2694.60467099,511812.823759,1991-04-24,1991-05-11
1991,23,C2C,Landsat,Processed imagery,Human,,,1991-07-15,1991-08-22,,521.254461921,521.254461921,,ON,,,20250506,1991_23,61065.3994826,5187961.45348,1991-07-15,1991-08-22
1991,26,C2C,Landsat,Processed imagery,Natural,,,1991-08-11,1991-09-13,,834.194312666,834.194312666,,ON,,,20250506,1991_26,52604.4789903,8284566.67921,1991-08-11,1991-09-13
1991,63,C2C,Landsat,Processed imagery,Natural,1991-08-19,1991-08-19,1991-08-16,1991-09-21,,298.45329012,298.45329012,,ON,,,20250506,1991_63,30533.1661377,2917460.40293,1991-08-16,1991-09-21
1991,440,C2C,Landsat,Processed imagery,Undetermined,1991-08-10,1991-08-10,,,,60.4987978611,60.4987978611,,ON,,,20250506,1991_440,6421.81283623,597675.958588,1991-08-10,1991-08-10
1990,1,Agency,Undefined,Undefined,Human,,,1990-11-12,1990-11-28,,1950.14349396,1578.88651673,true,ON,,,20250506,1990_1,22137.5452763,19527335.6885,1990-11-12,1990-11-28
1990,11,C2C,Landsat,Processed imagery,Natural,,,1990-07-23,1990-08-26,,714.673351829,714.673351829,,ON,,,20250506,1990_11,32824.8109021,6998893.33676,1990-07-23,1990-08-26
1989,795,Agency,Undefined,Undefined,Human,,,1989-10-18,1989-11-06,,110.583301816,100.015429185,true,ON,,,20250506,1989_795,6389.22611028,1099774.0722,1989-10-18,1989-11-06
1989,928,C2C,Landsat,Processed imagery,Natural,1989-06-21,1989-06-21,1989-06-20,1989-07-13,,832.571405773,832.571405773,,ON,,,20250506,1989_928,40212.2946244,8189326.39886,1989-06-20,1989-07-13
1989,965,C2C,Landsat,Processed imagery,Natural,1989-06-22,1989-06-22,1989-06-21,1989-07-13,,719.688059839,719.688059839,,ON,,,20250506,1989_965,64842.4607871,7087698.88164,1989-06-21,1989-07-13
1989,1039,Agency,Undefined,Undefined,Natural,,,1989-06-18,1989-07-21,,1860.61892315,1509.13918065,true,ON,,,20250506,1989_1039,21707.1308263,18284041.5222,1989-06-18,1989-07-21
1989,1042,Agency,Undefined,Undefined,Human,,,1989-10-12,1989-11-15,,264.605574938,231.395931716,true,ON,,,20250506,1989_1042,7626.70949118,2650808.58241,1989-10-12,1989-11-15
1989,1161,C2C,Landsat,Processed imagery,Natural,,,1989-07-17,1989-08-09,,126.76871458,126.76871458,,ON,,,20250506,1989_1161,12539.8057167,1240326.93369,1989-07-17,1989-08-09
1989,1166,C2C,Landsat,Processed imagery,Natural,1989-06-22,1989-06-22,1989-06-18,1989-07-21,,3890.42605605,3890.42605605,,ON,,,20250506,1989_1166,199550.230599,38291440.504,1989-06-18,1989-07-21
1989,1190,C2C,Landsat,Processed imagery,Natural,,,1989-06-18,1989-07-13,,2468.32986568,2468.32986568,,ON,,,20250506,1989_1190,130738.462104,24261336.7305,1989-06-18,1989-07-13
1989,1276,C2C,Landsat,Processed imagery,Natural,1989-07-22,1989-07-25,1989-07-20,1989-08-09,,1127.36009064,1127.36009064,,ON,,,20250506,1989_1276,56802.2352592,11027762.555,1989-07-22,1989-07-25
1989,1712,C2C,Landsat,Processed imagery,Undetermined,1989-07-23,1989-07-23,,,,154.83807274,154.83807274,,ON,,,20250506,1989_1712,17864.3580256,1537064.74947,1989-07-23,1989-07-23
1988,7,Agency,Undefined,Undefined,Human,,,1988-04-13,1988-04-27,,198.194384635,175.263287157,true,ON,,,20250506,1988_7,6131.93083897,1985180.89041,1988-04-13,1988-04-27
1988,9,Agency,Undefined,Undefined,Natural,,,1988-05-29,1988-06-27,,176.229833973,156.547955925,true,ON,,,20250506,1988_9,6223.9894934,1763603.02713,1988-05-29,1988-06-27
1988,16,Agency,Undefined,Undefined,Natural,,,1988-06-12,1988-07-13,,1961.738607,1587.91094947,true,ON,,,20250506,1988_16,17572.9530758,19542898.9318,1988-06-12,1988-07-13
1988,19,C2C,Landsat,Processed imagery,Natural,,,1988-06-19,1988-07-07,,334.115498587,334.115498587,,ON,,,20250506,1988_19,47828.5906816,3317174.96375,1988-06-19,1988-07-07
1988,20,Agency,Undefined,Undefined,Natural,,,1988-06-11,1988-07-08,,1363.20763464,1119.04282216,true,ON,,,20250506,1988_20,19266.8230605,13537960.3752,1988-06-11,1988-07-08
1988,21,MAFiMS,Landsat,Processed imagery,Human,,,1988-04-30,1988-06-16,1988-06-05,19385.5813365,19385.5813365,,ON,,,20250506,1988_21,628946.263071,192553741.039,1988-04-30,1988-06-16
1988,22,C2C,Landsat,Processed imagery,Natural,,,1988-06-12,1988-07-07,,375.772796292,375.772796292,,ON,,,20250506,1988_22,43512.4982909,3728583.37735,1988-06-12,1988-07-07
1988,26,Agency,Undefined,Undefined,Natural,,,1988-06-20,1988-08-03,,2710.91822077,2167.11020327,true,ON,,,20250506,1988_26,25334.9883545,26785496.0614,1988-06-20,1988-08-03
1988,30,Agency,Undefined,Undefined,Natural,,,1988-06-20,1988-07-12,,193.416975686,171.199733928,true,ON,,,20250506,1988_30,7247.09267902,1909633.25761,1988-06-20,1988-07-12
1988,41,Agency,Undefined,Undefined,Natural,,,1988-06-20,1988-07-14,,6987.83034551,5385.663776,true,ON,,,20250506,1988_41,73481.027273,68914154.3787,1988-06-20,1988-07-14
1988,47,C2C,Landsat,Processed imagery,Natural,,,1988-07-02,1988-07-29,,998.288180959,998.288180959,,ON,,,20250506,1988_47,66797.4549088,9825024.33554,1988-07-02,1988-07-29
1988,60,C2C,Landsat,Processed imagery,Natural,,,1988-07-23,1988-10-05,,1424.01377866,1424.01377866,,ON,,,20250506,1988_60,95513.3911204,13942587.2788,1988-07-23,1988-10-05
1988,65,MAFiMS,Landsat,Processed imagery,Natural,,,1988-05-30,1988-10-05,1989-06-17,79255.1780176,79255.1780176,,ON,,,20250506,1988_65,2107714.50035,776131706.054,1988-05-30,1988-10-05
1987,1,Agency,Undefined,Undefined,Human,,,1987-04-11,1987-04-15,,430.101121264,369.136242183,true,ON,,,20250506,1987_1,10767.8818239,4313625.18541,1987-04-11,1987-04-15
1987,2,Agency,Undefined,Undefined,Human,,,1987-04-18,1987-05-11,,564.648086539,479.548777967,true,ON,,,20250506,1987_2,12953.5356328,5657009.68165,1987-04-18,1987-05-11
1987,3,Agency,Undefined,Undefined,Human,,,1987-04-02,1987-05-22,,289.668259139,252.430089906,true,ON,,,20250506,1987_3,9825.55145549,2901667.52135,1987-04-02,1987-05-22
1987,5,Agency,Undefined,Undefined,Human,,,1987-04-09,1987-10-31,,5639.01902868,4382.22152884,true,ON,,,20250506,1987_5,84983.2844298,56461365.7589,1987-04-09,1987-10-31
1987,8,Agency,Undefined,Undefined,Undetermined,,,1987-05-08,1987-07-14,,2730.97276827,2182.52102917,true,ON,,,20250506,1987_8,48849.0922347,27329009.5505,1987-05-08,1987-07-14
1987,12,C2C,Landsat,Processed imagery,Natural,,,1987-05-13,1987-06-02,,151.441576338,151.441576338,,ON,,,20250506,1987_12,18655.2456289,1511121.17216,1987-05-13,1987-06-02
1987,14,C2C,Landsat,Processed imagery,Human,,,1987-05-05,1987-06-03,,949.905399755,949.905399755,,ON,,,20250506,1987_14,98779.8398294,9471154.95118,1987-05-05,1987-06-03
1987,17,C2C,Landsat,Processed imagery,Natural,,,1987-05-11,1987-06-04,,2844.42233866,2844.42233866,,ON,,,20250506,1987_17,274432.74896,28242118.2642,1987-05-11,1987-06-04
1987,29,C2C,Landsat,Processed imagery,Natural,,,1987-06-23,1987-07-13,,273.882535848,273.882535848,,ON,,,20250506,1987_29,21881.5923364,2696780.37915,1987-06-23,1987-07-13
1987,47,Agency,Undefined,Undefined,Natural,,,1987-06-21,1987-08-21,,2056.28145387,1661.41758816,true,ON,,,20250506,1987_47,30800.4026578,20124936.2851,1987-06-21,1987-08-21
1986,11,MAFiMS,Landsat,Processed imagery,Undetermined,,,1986-05-21,1986-07-16,1986-08-03,54850.1752805,54850.1752805,,ON,,,20250506,1986_11,0,0,1986-05-21,1986-07-16
1986,17,C2C,Landsat,Processed imagery,Human,,,1986-06-20,1986-07-09,,326.565531974,326.565531974,,ON,,,20250506,1986_17,0,0,1986-06-20,1986-07-09
1986,261,C2C,Landsat,Processed imagery,Human,,,1986-05-21,1986-05-31,,194.245338113,194.245338113,,ON,,,20250506,1986_261,0,0,1986-05-21,1986-05-31
