GID,fwi_90th,dmc_90th,dc_90th,isi_90th,bui_90th,ffmc_90th
1986_11,3.2586921578051875,5.826480548274061,34.26710079430557,0.8749924616751565,7.3685920114965295,76.36953996153323
1986_17,0.442823087813354,1.4343665412956499,11.453635131835945,0.02676422014815546,2.1777271429666025,38.0503244744027
1986_261,8.421483844577814,10.542663516275727,77.16139891128056,2.031991147465982,15.60476156131202,83.86310908200667
1987_1,0.08774085568697318,0.2642669298915548,4.661950366210945,0.006914122428146438,0.43740461663513486,30.792391589142312
1987_12,0.6051805485108961,2.7996439821898025,10.701025756835946,0.0076820758536524,3.007574831875671,32.89980375808293
1987_14,5.652885318913025,10.659915022722515,37.67812398804264,0.6483714763674687,12.787792811859601,65.7654854217282
1987_17,0.6358265226576904,1.9389710792754506,16.306738626118737,0.01039018102890158,3.088620507868627,33.812991842070915
1987_2,5.285209904906423,10.05809952067395,31.674553033447303,1.849092169396246,10.635028165001879,83.11262920951205
1987_29,2.364421866993798,3.874012571346862,46.21620550537112,0.46586883181760586,6.226766093673519,60.23335935706163
1987_3,4.72427584980141,9.319691970365309,28.61813781738287,1.3996863232291843,9.763767270830204,80.76601070145259
1987_47,0.6725320251726958,2.087885409536766,25.071547068243024,0.0602942355026487,3.254721539520393,42.442101945795805
1987_5,2.3062216234175272,4.32018668495094,27.93726130143986,0.695082435283465,5.979115631587476,67.95602046697812
1987_8,5.639352989857523,9.77201462348457,49.84716305351041,0.8706854089222252,12.993566413491868,75.3626751960987
1988_16,5.321144607775986,7.924082541713846,45.69904972534185,1.054846948126747,9.918065465313841,78.16310469746016
1988_19,4.1839586570708045,6.362233540862109,45.37844095561363,0.7759010056206017,9.619415911570721,72.35161585388715
1988_20,3.9952294022825177,6.568309181193125,43.18187789173526,0.929266677336885,8.615674250757111,76.67127211330356
1988_21,7.170950203601289,12.72287660250013,39.59760596127589,1.4598156930888369,13.773797048034542,81.00013902224461
1988_22,3.8207111010244077,6.048022959058752,46.93942355033931,0.8262261920657674,8.399448370215108,74.10687249820927
1988_26,0.8558613097375563,2.603308582043057,23.059416559612057,0.2009428022873069,3.9473460937618934,50.8532436777154
1988_30,NA,NA,NA,NA,NA,NA
1988_41,0.7964494571866407,2.8826336811588713,16.386830399263825,0.16875892149827287,3.715945539330914,49.408294180352215
1988_47,1.54389945564124,3.42580089605781,31.371510893370438,0.21530501687832337,5.376617827152161,50.65988302656992
1988_60,0.4431706638075299,1.287722442516406,18.550764474697573,0.03733180710477406,2.198941180216215,39.78066527600035
1988_65,0.6460632919361309,1.9606608638161716,23.865931512095067,0.08023990279967141,3.1009878425893227,43.69151523053061
1988_7,0.26337616816849013,0.7101893211586885,5.465554431152363,0.7889808766256169,1.0720697077633201,69.50226128677285
1988_9,1.8212651012737555,4.420649702226786,18.421202502441425,0.42939491971473215,5.406014843263728,59.64585788975148
1989_1039,4.87594815276256,7.713139675293283,58.1899241692003,0.42601087311927677,11.754563837106588,58.55441020586129
1989_1042,0.4070473990812191,1.1009214464280683,11.159105578613318,0.20913639085754515,1.8053279714606134,50.81135841652938
1989_1161,1.1832790023884197,2.8434347549297794,27.749485017157948,0.22874438227832827,4.508309244198712,51.603583502520976
1989_1166,4.428727913047536,7.283130214498237,56.923565404984785,0.32321051178746035,11.027410232406123,54.113554530514705
1989_1190,6.183704285920312,8.850484272274489,61.71691543309723,0.7406180771399498,13.002488276492588,69.80009935284855
1989_1276,3.743548682307712,5.544676934356275,42.242755059814485,0.8460784170611287,8.349480987442897,74.78085737509457
1989_1712,1.635583514285598,3.1685564865516285,35.33167480468752,0.36335763907136465,5.176530483577717,57.15455762239846
1989_795,0.37561059432086374,0.9303788390188387,14.521389849853561,0.4708892904736506,1.6034341236400373,59.126135001871226
1989_928,4.461072848782882,7.335987635194487,56.899430293432935,0.3501168948346821,11.083266139343767,53.89337901690697
1989_965,2.135009724042143,4.187639912133976,44.188017148067374,0.03131205398232879,6.759470280437023,38.940126523021924
1990_1,0.03984121882271549,0.33341097565808814,0.665417696827852,0.7572731077365055,0.16531120308924657,68.9349778828335
1990_11,0.8361631757680037,2.382380924853871,28.432965393066432,0.35582868427024406,3.8228039236930518,56.07960105073889
1991_23,2.5533865407955694,4.436551260902485,45.340574946590095,0.6414276122082654,6.916178632169941,68.04496669694484
1991_26,1.8575263930525696,3.7974260593262095,32.52944806094667,0.3719631384148572,6.07948251802482,57.37615112183649
1991_440,NA,NA,NA,NA,NA,NA
1991_63,NA,NA,NA,NA,NA,NA
1991_9,NA,10,15,NA,9.763767270830204,80
1992_6,2.1622208031814627,3.840879725696796,32.976687368061135,0.5341333371830749,6.011652352336206,62.879482298415624
1993_10,4.277468920948461,6.716044318427048,33.37284545962688,1.1153104606093334,8.934918065178389,77.42490599037728
1993_248,0.011109534872565142,0.02921126054449024,2.843646836635051,0.6160626180352752,0.05551207551370277,65.11894014786785
1993_8,3.150409268144808,5.504811837494943,27.498712472639433,0.7626292391977578,7.336382593582174,72.3452817987587
1995_1102,2.987103732480702,5.573239612572053,24.347575094469796,0.7114033557758117,7.019591333688281,70.3340315435536
1995_1106,2.533357148865756,4.3883689030324495,32.517322926012476,0.6403000096290072,6.541716268709057,68.32046775547846
1995_1121,2.5869476399139355,5.2422738645210885,28.235944109361572,0.6466516321291114,6.425735335186406,68.51092407438945
1995_1146,3.873191472599829,6.489214675991173,51.67430498081829,0.3931741920600834,9.873496050501744,55.058382206694205
1995_1164,2.9059912199689384,5.284331902004243,36.04831452074842,0.595380500477707,7.142213325641605,63.91975344776684
1995_1165,6.038439967953705,10.015493305260803,59.99808964577143,0.5665670775108165,14.122030370972203,64.35575630404637
1995_1180,1.3843793291861386,4.879817847956242,15.300349092616898,0.03791657462608521,5.3770275836547405,39.68720256998493
1995_1192,1.8876144518969848,6.406968030086192,15.460258465576224,0.07467997598141307,6.378460383551102,42.5064904400212
1995_1212,1.742348894596165,5.775487502300136,12.32136814575196,0.15747671454006176,5.694604203308682,47.7967366462608
1995_1220,5.461024920002886,8.633603863207163,61.615130628772775,1.0770774907746021,12.582209664188422,77.55825909366948
1995_1226,2.1116166467805124,6.498041762944245,12.29822214965821,0.17951856784850304,6.362300957423976,49.10002407516686
1995_1232,8.551614084929685,11.30716429022492,64.182448281907,2.1196882580744445,15.69189853045468,84.23213857848059
1995_1235,3.9122065027251844,8.596177994750201,33.13134753303592,0.20727060536056804,10.427510963234697,51.080676108926156
1995_1238,NA,NA,NA,NA,NA,NA
1995_1241,5.99994570403871,9.523482773963613,88.08620570074176,0.3125508081628123,14.922698564532311,54.996803107752356
1995_1250,2.1472123937712726,3.895282609404022,61.940651567317595,0.014977388897876373,6.533118786988189,34.09399088434442
1995_1255,4.5365787615415725,7.1965429765192255,92.72699759892846,0.1404488979539833,11.913570259800798,47.972438730916586
1995_1267,1.067291396661419,3.310520409146429,22.917325615516113,0.3565729006955721,4.503943433191119,56.30488393889792
1995_1271,2.3817937911867606,4.142520919189575,69.33226785503882,0.03194482521895031,7.208202879011665,34.335103055530695
1995_1276,2.0146292827101586,3.718447275871805,30.261408240606208,0.2609678678040477,5.6158671842841414,53.220491278835965
1995_1297,4.622826876566723,7.063104874124678,78.6815074561096,0.300103039327577,11.537055260750805,54.590175023637414
1995_1298,0.7930518343363777,2.507969819026872,14.53638188933291,0.16498347343596134,3.504399703701319,49.456682915722205
1995_1303,10.603033349500404,14.479145906492018,69.96777629556985,2.556276589930374,19.08477416241722,85.52028188299238
1995_1304,NA,NA,NA,NA,NA,NA
1995_1315,NA,NA,NA,NA,NA,NA
1995_1317,6.994175512471765,10.835984628880848,96.24595400618021,0.5169230696925347,16.664905604639213,62.74798976317113
1995_1319,5.669842490016641,8.976723870930204,85.08715551040692,0.2799035459556594,14.206477271427508,53.892290859191434
1995_1322,1.5609186686518628,3.3361105266587723,25.14583544509561,0.2195981679515511,5.311130188847058,51.41977181075224
1995_1324,0.7018121025019607,2.2220500619265353,17.718967272949243,0.19494826983662844,3.1966129002871178,50.27150179481413
1995_1327,0.7633109603791929,2.387333662709701,18.003324169921903,0.2481107612421366,3.489316901418428,52.09920894552692
1995_1337,0.4854046062441688,1.4749867593199268,16.305313344533815,0.020219676878911987,2.3950102981034216,36.96778445070594
1995_1397,2.355097318698009,4.048458732058946,28.477113209819898,0.3024680098691303,5.8347985723015645,53.66515768743791
1995_1398,0.39784576732936555,1.22763508088486,11.071719286321853,0.007360938034643585,1.9460342567122437,31.355939055473563
1995_1399,4.839885947411413,7.790982060277989,90.1492153524008,0.15986705916975558,12.986208267713058,49.0237982289372
1995_1400,NA,NA,NA,NA,NA,NA
1995_1403,1.042810122588552,4.549170423132103,14.649001819399611,0.009576726564387905,4.558514628532955,33.48454671531357
1995_1665,NA,NA,NA,NA,NA,NA
1995_1673,2.702061933628774,4.780528662598357,65.72044702524904,0.00606332549256857,8.089901544802103,31.72869819618228
1996_529,5.692537262214576,9.084978579573406,41.39976074829104,1.056044847166512,11.332646729918165,78.39006089412185
1996_540,7.773600619746713,11.663875006004549,53.610488653564474,1.6416628835353209,15.109438594475886,82.49962194266612
1996_561,2.6484909007803843,5.417413326313847,26.5714519196611,0.35253589631664317,7.169161546208364,57.18382227876118
1996_568,3.27485029680222,5.851282449406065,37.73570963339591,0.43412424381516046,8.397315574348498,60.156670511182675
1996_569,7.386923778924647,11.761594118278838,51.15576606955983,1.3910988948424046,14.868582282237513,81.159685317866
1996_575,5.376948626942061,8.25146488513375,48.54104533123983,1.3523696253737962,11.417893286449956,80.09042206886411
1996_579,5.444330895727961,9.541155349327337,48.47070017508706,0.7731018659810035,12.048637061894443,72.3687305979927
1996_580,7.91306671105356,11.422053653999466,50.24426805419925,2.068544961686847,14.56502827990009,84.21379190715274
1996_582,4.97567753017688,9.109499091928509,39.1849279273569,0.5863281174981749,11.520851577647983,65.58622641670257
1996_583,7.930675809971946,11.408904430164824,56.537815275248775,2.042203786954965,14.462354063214002,84.18238052747247
1996_584,3.8080378782965125,6.049022807769432,52.12556059113838,0.4071372625418209,9.374774276048008,59.30469101565235
1996_585,5.475777056808361,8.333019595677428,66.79822394804188,0.7021784970372589,12.31571953273092,71.28090920467082
1996_586,5.903382689696048,8.682064304194352,64.55662667431768,0.9977149033423262,12.545656573570021,77.39595368892162
1996_587,7.555494094870162,12.210085461400041,61.35478210589862,1.57489968119045,15.908056517294202,81.82311789879913
1996_588,6.806155348902695,10.53315230633429,71.72718828812165,0.8718437068406313,14.78822342035727,75.3232864578685
1996_590,5.857415116973277,10.064008642478287,56.00352000849793,0.6325204661317576,13.072234951097663,68.38923919091977
1996_598,7.277333003956621,11.425293661237944,71.92471929931645,0.9857082016444372,16.575831740488525,77.53149456753215
1996_600,4.733899093910868,7.030826808815984,66.58310848534714,0.6366704717011148,10.25101492522839,67.28069943579611
1996_602,8.023657307054071,12.898127370159633,73.56804066251004,1.0056088293928027,17.510222396053397,77.95278079486535
1996_604,5.952065657478739,8.89089767615093,71.03438075583136,0.8187014753805681,13.334187158911696,74.28892151059728
1996_614,9.863783819612138,14.781985101939014,87.49182859659389,1.5055825465247352,20.911731752530244,81.97175768929927
1996_622,5.428669142583704,8.181947335093717,61.38121827876766,0.7005991091962422,12.405352892955042,69.84161741747135
1996_625,5.492463881869366,8.359528717595998,66.99902665413816,0.6695376361079969,12.469275231988863,68.68218678186366
1996_627,10.78528152256218,16.354954588693985,87.70830185546882,1.598579079485236,22.309668078726684,82.38001880401795
1996_628,10.59307101266442,16.543849305056305,88.03318251337666,1.5425662823484445,22.024419491797993,82.28763668248665
1996_630,5.33158223332408,8.091357387601109,57.23374433886018,0.9274337204596328,11.613343882766475,76.3552641325021
1996_632,NA,NA,NA,NA,NA,NA
1996_635,10.780558605292583,18.200661937932384,93.6130637715329,1.677678667599877,23.870386128405666,82.67998137731175
1996_639,10.037846233418854,15.38328151086699,91.8236208586779,1.5949944055029095,20.86555498003807,82.16228016965552
1996_640,6.856741701696059,10.028836401643362,76.24122928629114,1.040421387200333,14.93030824995136,77.35072806025289
1996_644,5.772847056321858,8.580314667465657,64.36528770252252,0.8563675858025455,12.508270593250401,73.82382802345381
1996_646,6.458975242675485,10.273654504102678,60.395604426311706,0.9174271897930748,14.77314747883635,75.48933874642697
1996_650,8.93451510158806,13.649268227411616,75.35844441936946,1.4123020681150287,18.79003715907807,81.36745487054426
1996_651,7.639717508908119,11.707171543305538,82.4115602700285,0.9068554951452343,17.224629269842463,76.093349295585
1996_652,6.353434559842917,9.589662475342283,73.77216498512786,0.7501599231066105,14.256073522744197,73.10939508153353
1996_653,3.90925891908625,6.390451312376827,41.655464100098925,0.5583253869154315,9.237892073713152,64.69732136977986
1996_654,9.045014941519018,13.39952956569228,73.89852724136851,1.5083309111813996,18.439991146892865,81.81975998320826
1996_656,4.902106932711654,7.6494772511273625,50.73340180247796,0.7993093854188982,10.828786438842858,71.58189459351615
1996_657,7.2760507821253535,11.484859057014527,80.78470647643874,0.995858471309206,16.610207571621473,77.64564516392328
1996_659,7.233897372531835,10.74702517626434,79.57781444880462,0.8646385679452759,16.067883343492287,75.84849100747753
1996_660,7.659301098256922,11.793878357085678,67.5049529202562,1.0919802157155567,16.41706882702398,78.4346058707529
1996_665,5.184484461071027,8.145779320769343,66.50893475174031,0.8511507969286749,12.102881568625298,75.31225587139727
1996_667,5.5630498289158155,8.465877038187886,60.43952670945036,0.8726324559324019,12.123183393451061,74.81030889289931
1996_668,3.9776376581550803,6.795268116094011,48.71544340526568,0.5189906147746387,10.220156342586336,61.91658915837662
1996_670,4.90152456304472,7.635685299122358,54.53705313735179,0.8116128664749505,10.833269108611988,73.9606706739022
1996_671,6.126906784650735,9.844380652315962,70.14195573663598,0.4925730345146786,14.574767829104053,61.868430980003716
1996_674,4.458064256599991,7.35755126305304,57.778401048934256,0.3171080032651457,11.107034137090169,55.022329543048045
1996_675,4.389312681103153,6.873033783715631,63.379966495277586,0.6981451558011357,10.24322699280327,70.16960759514467
1996_678,4.336184563460782,6.855100933566094,56.464788646368746,0.677472304622036,9.894985161439873,69.90905533260872
1996_715,2.5603414304269556,4.560993047527757,51.34516751877009,0.3182416505215948,7.091689441360746,55.3757129877146
1996_716,4.872630814196404,8.313338656506833,57.62209354691941,0.7043382695258461,12.011500366167493,70.40984521089652
1997_338,3.488112413530193,5.646552659253343,47.447066320800815,0.5817751274231944,8.646995872699877,64.18528497546971
1998_714,0.6607179629203805,1.9760313159227036,22.95576241107874,0.0248810313926147,3.25141040643746,37.444000323648105
1998_732,1.1405955673787966,2.9197957278735927,17.024576755689562,0.4435379851602898,4.085409200390926,61.015695212026486
1998_737,5.218669435541031,10.726422763559476,23.698885464030703,1.2623870628520644,10.667918272753944,80.02815574380143
1998_741,1.5950066431150873,3.57825561916129,21.158562772034777,0.44307523813475447,5.049213663122831,60.10580902910723
1998_843,NA,NA,NA,NA,NA,NA
1998_844,0.07508543004732628,0.2284839992855301,2.4085643554687635,0.06351136674699484,0.3580162409018592,40.01535612919869
1998_845,0.7777832220187253,2.2927634365703105,21.334427686650137,0.5737042646445957,3.234062449332412,59.391156883240065
1998_846,0.037984078856899646,0.117452967662137,2.052137329101569,0.05845215280020388,0.1868142605176879,40.84302433571648
1998_851,0.3343453818510283,1.021479492987296,19.16704044480701,0.011941359249529146,1.6579691444497768,34.24101005078576
1998_853,0.8444706242301199,2.4673294940235233,19.439139038085948,0.1657588107061103,4.044219076310035,48.83722731858639
1998_855,0.9603511682404803,2.8324755668053463,27.686668533192588,0.12963214749087754,4.304050621504842,47.38856235343401
1998_856,2.136041940227444,4.759965751422729,22.49986630948557,0.6143489240815778,5.650936074323935,67.63351031638848
1998_859,3.819602356240084,5.635005956175862,52.84408452107711,0.7150536497905597,8.815249849050527,71.82432456170922
1998_860,3.119674986648504,5.392747845362826,39.646371224966664,0.5149962102406195,7.816589375421776,61.79553916745577
1998_862,NA,NA,NA,NA,NA,NA
1999_1125,0.04077732877879685,0.10558467791868709,7.389837829589848,1.3011655594402605e-8,0.20388661726049304,2.507847921998103
1999_463,1.5786812010985811,2.7614674733845503,42.66346858808802,0.6799898669795488,4.753125540037259,69.13275802787082
1999_468,8.39208314933501,14.613273468483696,33.5969762817383,2.5090051367346633,14.572664239988766,84.94096044129589
1999_474,0.33650725618203925,1.5069005126421078,10.077929779052743,0.004276933021530999,1.6761350271746187,29.68112380588891
1999_507,7.338434015349666,13.41167927628497,31.529138379357338,1.9225727833246538,13.38174702534528,82.44727289746285
1999_521,7.359353831710594,13.564634185043886,32.714761073491026,1.9591951042391338,13.547064469010559,83.18467733565925
1999_537,NA,NA,NA,NA,NA,NA
1999_697,5.195907403856071,10.523991452994016,18.28662258300783,1.3537763197600128,10.351709330409843,80.36634669898879
1999_698,1.2528698996087955,3.045269356639572,23.477148919677752,0.2321022568779491,4.872398317152768,51.860987829858416
2000_431,0.014074121247952561,0.036139900946279405,3.3318165263010964,6.830200411431921e-6,0.0703691131779708,12.883719810301606
2000_451,0.43050616997304014,1.7140706799058745,8.543330145263685,0.009957339617275315,2.1355226392488085,33.35383276182896
2000_531,4.071642322914729,8.859389038047562,14.236396184430808,1.082390775314338,8.571854497259848,71.86806410996547
2000_532,0,0,0,0.23203390869945723,0,51.43704068983409
2000_533,0.0765048929450299,0.265034305013099,3.545764111328141,5.257623599499773e-4,0.38160502963246506,22.160645784269214
2001_314,3.787126885041752,5.818331000859557,36.028196032714874,0.8083463730281697,8.28948704475343,73.85810545132928
2001_353,NA,NA,NA,NA,NA,NA
2001_357,4.043822746908736,9.060960843356517,12.887721838378905,0.9967049533074686,8.779408409606646,71.3512031587268
2001_360,0.33052382422558524,0.9064214981047027,17.59230937440712,0.13063573753493865,1.5569824815289204,47.2530842072172
2001_361,3.6642386226397954,5.624794292948742,35.993180407714874,0.9071880264783813,8.089027920044296,76.5323616280492
2002_1204,NA,NA,NA,NA,NA,NA
2002_641,0.7105060412450149,2.3965865199864216,21.06376844482424,0.05372491174435334,3.4525089019223674,40.75443537756681
2002_655,0.6485265839708274,1.8333741627589346,23.66386536834053,0.11599618855579828,3.071465030821587,46.21525213013539
2002_664,0.623878511414,2.0149023016848964,18.90886466413729,0.06991024809360824,3.0060669945657366,42.3372397861523
2002_669,NA,NA,NA,NA,NA,NA
2002_675,0.5409676763729,1.6447965442938828,18.099548205566418,0.01573017152119791,2.678195644375537,32.74259119405968
2002_686,2.5408160574075223,5.0720263133802,39.88245150802841,0.01526473068025567,7.695972722443076,33.09511058491175
2002_689,0.6196939840991207,1.825871646697107,23.9403847686353,0.019778275809465923,3.066964358443694,35.78217087132573
2002_691,1.9654365783242562,3.40724706995798,53.72418618935199,0.7740222620738205,5.801768804316154,70.47314542543046
2002_714,0.8234505088174455,2.438426986301093,19.265604035236084,0.33008472280536716,3.603274115162186,55.3908421356414
2002_715,0.4157466380098172,1.196397406051366,18.239318782375182,0.01747841345583895,2.0541305125193894,35.92427771352273
2002_716,0.7710372084551076,2.1723313741090164,26.70451215590578,0.23912066123938025,3.61041412023615,52.26841757371802
2002_717,0.05000149838329226,0.13028845811213796,7.704379333496098,1.477630427774267e-7,0.25000725874483126,6.069435694116998
2003_735,NA,NA,NA,NA,NA,NA
2003_750,0.9209759355151991,2.7566717216416117,14.595983581542978,0.23917255508761875,3.5778692812462296,47.943825894787444
2003_796,2.580555458914448,4.418365760335963,33.05175980442951,0.7006038318638229,6.500497195784588,71.40168461184979
2003_807,4.741073196594474,8.138812826464745,29.06376210937503,1.2730812251782182,9.574369675900341,79.56903572151279
2003_814,4.755957039984192,7.750532624323589,45.20852160376791,0.8865947249364612,9.835897552010218,75.62556998298776
2003_815,3.2878262532611866,4.6017375012739805,49.389040586189,0.8155315778172694,7.464202819921601,70.10723528326096
2003_828,0.5604250410637852,2.023549467243219,19.5618992285034,0.03542228792328991,2.74712047500997,37.770519958736706
2003_834,2.1417828928762326,6.483481401815254,15.815693821407944,0.5607341080131915,6.346017983106956,59.93532557007492
2003_880,NA,NA,NA,NA,NA,NA
2003_883,1.504573988944542,3.2157308494346992,21.191189453125013,0.41314242279574886,4.64987220474597,58.084714097109604
2003_885,NA,NA,NA,NA,NA,NA
2003_886,1.8131758194599283,4.004857109902416,22.17752581787112,0.5997519923427364,5.161983371059568,66.63816657387592
2005_1270,NA,NA,NA,NA,NA,NA
2005_1311,NA,NA,NA,NA,NA,NA
2005_463,0.4635834029830618,1.3560029407560585,15.483591364687683,0.056419326704625836,2.249094168747983,42.065025810059645
2005_472,0.5025053853908495,1.4785679804638403,16.71227031852139,0.18761451491620393,2.3330912666905688,49.336999555489356
2005_488,0.9082732319639166,2.612652185809936,17.97873277906734,0.26624846783378164,4.0315142253375065,53.46188730844909
2005_493,0.5092801263132518,1.4821095005351195,23.49812528076173,0.006923317030933487,2.531962116751922,31.78333192347374
2005_496,1.2652761872005538,3.185339286562002,17.29215133056642,0.484106356099829,4.359229516084238,59.939212465206325
2005_515,1.5998548756948119,3.1396314123715268,31.514392775062213,0.6085254901584023,4.893174004848427,65.7704549074584
2005_598,NA,NA,NA,NA,NA,NA
2006_659,3.140722384077212,4.09432738978114,80.2328369389054,0.8279625187374691,7.262135836487175,71.33735187883126
2006_665,2.390873482829119,3.4170684872014956,74.4932636957225,0.6423278592403889,6.092655615203091,66.08612911183577
2006_671,0.22819765086125743,0.6474997821212114,18.01345150437306,0.008024695822028942,1.131313989513406,32.83231532308602
2006_676,0.8073402406499159,2.035485588052998,34.46462601258591,0.4001342114013271,3.499905980735938,58.102233576248054
2006_677,0.4199934663231645,1.0649444498879772,32.190983169963886,0.15031860746622872,1.9670368314545508,48.56816695404575
2006_680,0.267585514542305,0.7914088677514695,16.206190216423543,0.031043226139821425,1.3183355438355568,38.593873623873584
2006_681,0.2770623774242336,0.7284490389735852,22.77399122116652,0.013111580677357404,1.3749046620390188,34.74855850132941
2006_682,0.5475887646827247,1.4202340306108432,22.025010919189505,0.301713493835403,2.4461331905196766,54.53872313483136
2006_686,0.4321260418184551,1.152400322670553,20.62829937048797,0.14923390049249285,2.022353339653883,47.97111903550973
2006_687,0.18863220026954491,0.6054126573530352,12.76362579345705,0.0038067587517954236,0.9403539660569575,29.772965296317434
2006_688,0.42538789469671234,1.1060982793278498,27.736687782748923,0.12267596034007613,2.011425648696346,46.854062895516435
2006_690,0.6288105428820516,1.6236557273266348,26.38765863647464,0.316490967372166,2.8142152571685073,55.145389381691245
2006_692,0.21422014413068194,0.5774111247271658,17.863145727539084,0.0025071838143727147,1.0683974753586982,27.73196164876173
2006_693,0.640950366006239,1.6518785516282586,26.78742485595705,0.34339773655385264,2.862315201508051,56.046175979715386
2006_696,0.25632246001133535,0.7541492084880699,12.903990502929704,0.04459695470081761,1.2423891321724834,40.59823052037804
2006_698,0.22091339575232288,0.5877219032124958,22.026118634033214,0.0024335091760809436,1.1019099860421695,28.376330434720828
2006_699,0.42422095768823165,1.1449978631174411,27.205689287109372,0.0414310848411898,2.0716807903943306,40.322094513301025
2006_700,0.5213337720296785,1.4509819334287397,23.64393233642581,0.06903865676351752,2.515716502446767,43.126641126293
2006_701,0.06699549067530904,0.1705760155159315,22.028854211425806,0.0010459191194740482,0.3345532571220105,25.471263732377672
2006_702,0.2361266298673838,0.6312400409031307,21.734455773925802,0.0033440828707606857,1.1769550107983173,29.432290756146358
2006_703,0.389400460752264,1.0732286611781345,23.014800274658228,0.019305500324108237,1.9222567677653708,36.44628885914424
2006_708,0.32327012320182047,0.8856975551892862,21.564700216440094,0.00775700146708115,1.606379464440769,32.276743436996334
2006_709,0.4237365294701206,1.1481437119694518,27.365572412109394,0.03250347421636158,2.0779520499338426,39.07720485913468
2006_710,0.3841842475773971,1.0604190382989815,22.579471398925804,0.017963901327034182,1.8978275690114077,36.02649018346163
2006_714,NA,NA,NA,NA,NA,NA
2006_723,0.24392610230264183,0.6451129102677132,25.94713491210941,0.004859027187829064,1.2145174551494033,30.867289646808075
2006_724,0.21510007091582692,0.632678286920646,12.095375811767592,0.0010957539499790018,1.0747140994825373,25.77142616619239
2006_725,0.317456150477327,0.8626883735536256,22.11569014892581,0.013812648585111022,1.5718390106443687,35.04810882315081
2006_747,0.6007263476973419,1.5365693056432832,22.125902325439476,0.39106775815882006,2.6185192603102707,57.52235432280668
2006_748,0.6689283812084106,1.6547066592349526,26.471289440918,0.46554898912878084,2.861761723952463,59.625857928985944
2006_749,0.26938692958472904,0.7244452976277602,22.776546368408233,0.003920314937728774,1.3421659215673925,29.968890489670112
2006_750,0.3317024741089434,0.8717324734062768,28.617144541522052,0.04088746172823596,1.62007603990655,40.11364821894869
2006_751,2.644320998199502,3.7276063364371375,64.95930499658114,0.6735688906067965,6.519547113587036,66.66714767046885
2006_870,0.34042842752956315,0.9542219104275641,18.73836665039065,0.0070559731797883735,1.6925077818542853,32.548083949445015
2006_871,0.34042842752956315,0.9542219104275641,18.73836665039065,0.0070559731797883735,1.6925077818542853,32.548083949445015
2006_872,0.1534433266510466,0.4356560148379723,12.1304500305176,7.800891534204629e-4,0.7667495629265093,24.55500591965551
2006_873,0.21894852004302146,0.582362348177187,21.95083152465823,0.0022699013138640922,1.0922530981925025,28.1442420756553
2006_874,0.33408214047950735,0.9035301912289904,22.764593243408232,0.025346093642513324,1.643931274496932,37.732059674880965
2006_877,0.2906617319904972,0.8461851069394973,12.618528979443454,0.0045681594576911805,1.4475145025533496,30.81691103647335
2006_878,0.6129479524009928,1.8896146975666115,18.70386117553712,0.06235859461928943,2.966314295667053,42.79154553290385
2006_879,0.8425272300137885,2.291274991384124,18.825083715820345,0.4476294040927792,3.510971265914894,58.54525855068091
2006_880,0.3377532366848534,0.9218322655565737,21.78866404935324,0.003744340243222352,1.6733968335226301,29.457286427713655
2006_881,NA,NA,NA,NA,NA,NA
2006_883,NA,NA,NA,NA,NA,NA
2006_884,NA,NA,NA,NA,NA,NA
2006_886,0.6768342256417041,2.262317988216357,17.655469192528308,0.03684171326762319,3.2647939408478983,39.668738223269806
2006_898,NA,NA,NA,NA,NA,NA
2007_362,0.44823413759481345,1.252217670213877,25.670431558873453,0.005270064084475346,2.2308537183023356,30.11007255798083
2007_375,0.6269516493988363,2.0941767383014787,19.478553516789155,0.20733965033826723,2.9764565867105004,50.75629266108224
2007_380,0.8575616427624194,2.767561041188627,17.068198919677737,0.20841606891122028,3.9378876953797852,50.70945184493088
2007_492,0.9161713489659249,3.1972611827908266,13.375519439697282,0.18284629437166863,4.249224081934506,49.885150515879545
2007_493,1.0564159070403407,3.1777577837562565,17.22704802246096,0.41817529655435065,4.349576354014772,59.395831064220744
2007_867,NA,10,15,NA,9.763767270830204,80
2007_991,4.153442419669009,6.992228483732677,35.84043917324802,1.0181882825370026,9.332000633072257,77.45834418447832
2007_993,6.150915546779585,8.998978186799185,43.64243319091799,1.5542584009052356,11.874891289931622,81.71698127878928
2010_546,0.5033240356836344,2.0100268690412477,7.738576675730749,0.07051528371151962,2.424243625361907,41.401056494172735
2010_558,1.235436672030755,3.2763413042491596,16.901879160443507,0.45335627504877907,4.412331863952787,59.964941722517665
2010_872,0.06005875255615039,0.19941692048846407,2.6024406860351643,0.003092589631577361,0.3000938600345397,29.101986140957976
2010_874,0.5309100940693621,1.6274791534075705,15.628893924216454,0.0485457305339939,2.581181848157626,39.624378400384195
2010_875,NA,NA,NA,NA,NA,NA
2010_876,0.25610810225697017,0.768811952765362,15.352660058593765,0.0017845047054298,1.2782226803737573,27.43699799599954
2010_884,0.052275681469043475,0.16281382121769344,1.9344240234374923,1.967708985539334e-4,0.26125999660575305,18.483817784965687
2011_455,0.42890753560986683,1.5599927719310753,10.753985098592928,4.860693195948121e-4,2.1327756586099027,22.912404265793725
2011_495,0.8869715290009361,2.3604704295297276,44.853202715245786,0.15832206451336991,4.171946155800692,48.95550404975626
2011_498,0.9594814569910539,2.5355724064529057,38.499956773082445,0.20730216158718465,4.287023922163948,51.08927115936247
2011_507,1.7626830264423745,3.1622207438080174,41.60611952633163,0.46971076354078467,5.31084346143518,61.333339293938124
2011_513,0.6528790364030569,1.9624338811116009,36.69962928923602,0.086493394496301,3.129282028185616,44.66247138349274
2011_568,3.046539875897935,4.639933450720445,39.39037394409182,0.7430180329287582,7.168403047773761,72.51270608720765
2011_725,NA,NA,NA,NA,NA,NA
2011_727,7.296564543073022,10.993817912605579,64.74909951171881,1.4314070071361593,15.21563783918862,80.94055780010046
2011_728,0.4950497876760715,1.615551381222047,23.715602844238298,0.03574924375346254,2.44566096464932,39.337734380937206
2011_730,11.824361940140287,16.528385936963105,86.84383724365242,2.3165234370715195,21.88468988965305,84.90379025641741
2012_1041,NA,NA,NA,NA,NA,NA
2012_1043,NA,NA,NA,NA,NA,NA
2012_1753,NA,NA,NA,NA,NA,NA
2012_1782,NA,NA,NA,NA,NA,NA
2012_724,NA,NA,NA,NA,NA,NA
2012_734,NA,NA,NA,NA,NA,NA
2012_745,0.25523668311213793,0.8260606045135085,12.42347678333632,0.05442434241352151,1.2594039225491902,41.02046350020974
2012_776,0.5948682712772588,1.649350487659703,28.958095835170845,0.0939935308763824,2.83807214264922,45.16107724445819
2013_1183,1.3906539860969136,2.8435680049189473,26.59789493408206,0.5835393880881653,4.487150940820571,65.90570634401068
2013_1184,0.8251188850431465,2.4110326333621988,23.95522177124026,0.2450018567332346,3.9206766026651003,52.371166758549286
2013_929,2.5668947005985063,4.59330619724382,40.7065205134315,0.4122445728822203,6.887316540252271,58.806158728400305
2014_1657,0.006530761036135912,0.02182727428390942,0.9512138061523483,1.3117187651043029e-4,0.03265372161920765,19.406206600980838
2014_2246,0.09516103171694906,0.27346002087010096,4.574711785888682,0.004147263315201558,0.47571211348201986,29.805535304453876
2014_2247,0.01848939675525238,0.05253399320993656,1.2388421936035197,2.770549028660464e-4,0.09244362762670476,21.22851648014573
2014_2248,0.36077294024977324,1.2965966216067821,10.77947137451173,0.004880133704689639,1.7943036442402605,30.040770575024403
2014_2249,0.08594833296559987,0.2677425661327237,4.841168929726927,7.092044238743679e-4,0.42964636211059953,24.27076254622041
2015_1136,1.1394466595650965,2.6883645564295326,25.84223065072924,0.4984006236694087,4.2668080645665665,60.71546413449836
2015_1140,0.8322819371270891,2.292875405360765,23.92298405809865,0.3772218506014774,3.6986885961614497,57.394272883390265
2015_1153,NA,NA,NA,NA,NA,NA
2015_1178,0.6672449943398345,2.0310690094115413,18.643829815220528,0.09113717385412744,3.188311349484687,44.38327610560899
2015_1984,2.902732961002775,4.615900875786787,31.529097753906278,0.8399917128541815,6.758235575882637,74.51172282299942
2016_1167,0.22146855220402123,0.5998829609789218,18.142652567097315,0.002671002055363228,1.1046407741624615,28.187741135889162
2016_1171,0.6320210540781045,3.040959458141499,15.52082060819455,0.07513691509334275,3.159919147094242,43.68388514143948
2016_693,0.908381441420814,3.383382753817544,16.329454016113303,0.2255833003292618,4.170647577148743,51.97097402058953
2017_2252,0.8261254760217236,2.3569156199173467,21.272340148925803,0.2712654406616054,3.6684752755219447,53.67377463340668
2017_2545,0.44899879321906233,1.3393051641197409,8.157911865234398,0.5119827247370851,1.899142626057547,59.97664240757352
2017_2883,0.4595886077247623,1.4123014804137695,16.11876306824373,0.006533061787691103,2.285590274210385,32.140455939503134
2017_3692,0.7644136918993073,1.8468999143719889,27.485003234127205,0.542386730176947,3.20963843299918,61.300270324538424
2018_1731,0.7045417278333663,1.8523983563032136,34.9658071012734,0.12990741579426462,3.250594422170944,47.44962955218911
2018_1821,0.45584176222123585,1.3718923030698578,16.12775500488282,0.024043898237909592,2.24376692138352,36.54971488061625
2018_2101,0.5687708478700518,1.7780551510778377,15.792570044461117,0.03959308072160693,2.774873474991443,36.480342925901866
2018_2807,NA,NA,NA,NA,NA,NA
2018_2808,0.30364648468190514,0.8116934786157819,12.356238244628923,0.2055882106529035,1.3943151856602618,50.59200756115267
2018_2810,2.4785901733241427,4.450884459374255,34.04309647329971,0.485199149135073,6.6025293175629916,60.6875588406606
2018_2811,0.5774099660021376,1.8708677453151974,13.221642120361336,0.027562488234881135,2.790009146461518,36.57322880429214
2018_403,1.4734691282531815,2.713892386678256,47.39738896948583,0.5989722844517134,4.593816146978925,64.7425443711862
2018_598,0.6813405444384939,2.001154814026008,20.811613494873065,0.19127886288776683,3.104834724334415,50.124059531437496
2018_802,0.5316804335661808,1.5877967672515134,17.915311285400403,0.03638388890405214,2.5996001209628306,37.776692305943456
2019_1518,0.24551574803265366,0.8904939903337027,7.589015539550789,0.007784378319435606,1.2211961346707607,26.54497210904992
2019_1520,NA,NA,NA,NA,NA,NA
2019_748,2.9925320835567524,4.852524695792743,35.2693599650777,0.6516125896081486,7.2211019743139175,67.78687250109608
2019_768,2.1017377690276073,3.8704310545759464,30.61929521149026,0.5361123113937999,5.830231742779315,63.14292922303977
2019_833,NA,NA,NA,NA,NA,NA
2019_834,NA,NA,NA,NA,NA,NA
2020_358,0.31184081835532895,1.0370428607749504,9.6902346042104,0.003055378107276302,1.555405860234487,29.00320592310322
2020_525,1.8840027860049764,3.5874905653985496,29.49058222764105,0.5893487771775522,5.314482649266858,67.2133740047662
2020_530,NA,NA,NA,NA,NA,NA
2020_532,NA,NA,NA,NA,NA,NA
2021_1169,2.582326730294168,4.829172350644433,25.671977040135594,0.7252548436512786,6.537751101296299,71.1537315518124
2021_1204,5.4615252886318535,7.683924886085107,90.8752721985407,0.7257220064625474,12.576839031382054,71.91022158679444
2021_1303,NA,NA,NA,NA,NA,NA
2021_1321,0.7356673866371116,2.326798229742646,17.812548840332042,0.09831938075118761,3.5076619200462207,44.64395477551744
2021_1353,1.651621994114346,3.6761293003749866,22.356288184964793,0.3789619990638775,5.213071705686416,57.21560377953456
2021_1484,0.3649202946944971,1.1865108215768991,11.789872003173844,0.21406854663969246,1.8024496238731933,51.5324920939325
2021_1619,2.210284010265237,4.996025431351006,20.397432179388773,0.3096151639038425,6.371566688157356,54.892816731733795
2021_1742,4.121392675688218,5.641462536877269,52.446602140523815,0.9638245232586365,8.887134892407362,77.1764971073821
2021_1890,3.0186786332682214,5.766485602977373,24.368893977436294,0.6727212425962119,7.242861573048321,69.32579885821251
2021_1898,0.7393258292605347,2.4321562615702437,17.50711681082589,0.04093684649349808,3.609353474898591,39.47217267951352
2021_1988,0.5055384449195708,1.6433188744076417,16.730529870605483,0.02329789534726534,2.4842225053234466,37.51883369028618
2021_2012,3.173210323488941,5.225759642679147,36.41543162330055,0.6825800011633112,7.504621069478793,70.79700706824121
2021_2306,0.6872949029719096,2.0662163596735716,17.061390541168002,0.17207081206392125,3.195603595535244,49.28534814920527
2021_2312,2.343819318552909,4.064013902263202,67.81148016276535,0.6192546123330264,6.473168165729213,66.25109584626782
2021_2313,4.484334527972473,6.433216784998711,78.22966456273059,0.682240447765689,10.640916411528899,70.00527173389393
2021_2314,1.1728975438416787,2.589004258506825,37.07701313039395,0.5728768912746723,4.358665735361024,65.21510813788508
2021_2316,0.5478848366802083,1.8843800767310055,11.845925924325137,0.12612134722074858,2.6036806500390473,46.38790049295109
2021_2319,3.223740563383579,5.180580004434897,42.93658969494172,0.6668306455019387,8.063957437057564,70.36528067286953
2021_2321,0.6890010785759138,2.4097671195116055,16.442509358474116,0.1535576646282668,3.21703285246333,48.336872124393786
2021_2322,NA,NA,NA,NA,NA,NA
2021_2326,NA,NA,NA,NA,NA,NA
2021_297,0.34461988943929067,1.5033560577398142,11.133187491953905,0.007083385849343689,1.7130108089883396,31.153140429621725
2023_159,3.000440454730978,4.977844824832415,29.986413265863014,0.7364052629640387,7.0357655362074345,71.56110644141552
2023_1614,1.5469325685884623,3.986820907890475,19.72277531127931,0.15398630455047504,5.296821592698607,47.128150607767125
2023_1627,3.7114239424465856,5.838437108579619,47.610864209913174,0.6405579090479738,8.847149268585659,68.9852250944882
2023_1633,0.6102455128024656,1.8413511848465034,23.318626159667982,0.15502734367425433,2.917989514698201,48.79556640611024
2023_175,3.5519205402056597,5.533529772057568,36.303033456600446,0.8224829653199524,8.01309339402973,74.15725107575608
2023_177,0.8493809130436206,2.4055009447722684,23.355062175410506,0.26609800500229985,3.8235719583304917,53.573751431048656
2023_201,1.4889624165885396,3.5207620924285035,21.228357551405164,0.2977940507949127,5.360625916387465,54.5839954442103
2024_646,0.22268828878952443,0.7274661139886361,5.192689068603531,0.07243097729784913,1.0708761502076332,41.769378421309334
2024_647,0.4330174115573542,1.2580658969736942,11.588277026367205,0.2866746447744657,1.9437899442232645,53.355881521258866
2024_651,NA,NA,NA,NA,NA,NA
